"run_id","model","eval_request","epoch","map50","map50_95","precision","recall","box_loss","cls_loss","dfl_loss","moe_loss"
"ebm62hkt","v0.1-N","default","1","2.08E-06","1.26E-06","6.99E-05","0.000107","5.566","6.079","4.35","1.175"
"ebm62hkt","v0.1-N","default","2","0.0263","0.00943","0.0419","0.126","3.94","3.792","2.602","0.9986"
"ebm62hkt","v0.1-N","default","3","0.0551","0.0239","0.3","0.128","2.631","2.344","1.401","0.9993"
"ebm62hkt","v0.1-N","default","4","0.0763","0.0367","0.239","0.139","2.333","2.034","1.246","0.9982"
"ebm62hkt","v0.1-N","default","5","0.0976","0.0473","0.187","0.16","2.191","1.87","1.178","0.9984"
"ebm62hkt","v0.1-N","default","6","0.102","0.0492","0.184","0.168","2.08","1.753","1.141","0.9968"
"ebm62hkt","v0.1-N","default","7","0.126","0.0615","0.252","0.188","2.017","1.679","1.118","0.9961"
"ebm62hkt","v0.1-N","default","8","0.133","0.0661","0.232","0.207","1.956","1.608","1.098","0.9977"
"ebm62hkt","v0.1-N","default","9","0.146","0.0747","0.331","0.214","1.908","1.552","1.079","0.9966"
"ebm62hkt","v0.1-N","default","10","0.155","0.0804","0.347","0.212","1.886","1.516","1.062","0.9966"
"ebm62hkt","v0.1-N","default","11","0.164","0.0842","0.267","0.215","1.863","1.49","1.055","0.9975"
"ebm62hkt","v0.1-N","default","12","0.158","0.0802","0.252","0.222","1.839","1.461","1.045","0.9979"
"ebm62hkt","v0.1-N","default","13","0.187","0.0961","0.391","0.236","1.81","1.429","1.038","0.9971"
"ebm62hkt","v0.1-N","default","14","0.197","0.104","0.307","0.251","1.825","1.429","1.028","0.998"
"ebm62hkt","v0.1-N","default","15","0.194","0.102","0.306","0.242","1.8","1.414","1.022","0.9982"
"ebm62hkt","v0.1-N","default","16","0.192","0.102","0.315","0.242","1.796","1.408","1.014","0.9981"
"ebm62hkt","v0.1-N","default","17","0.205","0.11","0.321","0.25","1.778","1.384","1.007","0.9992"
"ebm62hkt","v0.1-N","default","18","0.21","0.111","0.318","0.255","1.764","1.376","1.003","0.9986"
"ebm62hkt","v0.1-N","default","19","0.21","0.112","0.337","0.261","1.753","1.363","0.9964","0.9991"
"ebm62hkt","v0.1-N","default","20","0.223","0.122","0.355","0.266","1.754","1.355","0.9944","0.9987"
"ebm62hkt","v0.1-N","default","21","0.226","0.122","0.338","0.272","1.737","1.326","0.9886","0.9992"
"ebm62hkt","v0.1-N","default","22","0.23","0.125","0.332","0.275","1.718","1.321","0.9873","0.9992"
"ebm62hkt","v0.1-N","default","23","0.235","0.128","0.349","0.282","1.721","1.313","0.9831","0.9994"
"ebm62hkt","v0.1-N","default","24","0.242","0.13","0.359","0.279","1.696","1.293","0.9813","0.9993"
"ebm62hkt","v0.1-N","default","25","0.242","0.132","0.379","0.277","1.699","1.294","0.977","0.9998"
"ebm62hkt","v0.1-N","default","26","0.244","0.132","0.368","0.281","1.703","1.284","0.9726","0.9996"
"ebm62hkt","v0.1-N","default","27","0.244","0.132","0.361","0.283","1.688","1.275","0.9694","0.9995"
"ebm62hkt","v0.1-N","default","28","0.245","0.134","0.359","0.288","1.672","1.261","0.9682","0.9996"
"ebm62hkt","v0.1-N","default","29","0.253","0.138","0.383","0.29","1.677","1.26","0.9662","0.9999"
"ebm62hkt","v0.1-N","default","30","0.254","0.139","0.382","0.289","1.668","1.257","0.9669","1"
"ebm62hkt","v0.1-N","default","31","0.251","0.137","0.376","0.298","1.673","1.25","0.9632","1"
"ebm62hkt","v0.1-N","default","32","0.257","0.141","0.383","0.291","1.664","1.237","0.9637","0.9995"
"ebm62hkt","v0.1-N","default","33","0.257","0.142","0.375","0.3","1.666","1.235","0.9579","0.9998"
"ebm62hkt","v0.1-N","default","34","0.26","0.142","0.381","0.301","1.653","1.228","0.9585","1"
"ebm62hkt","v0.1-N","default","35","0.266","0.147","0.379","0.307","1.64","1.222","0.9581","1"
"ebm62hkt","v0.1-N","default","36","0.264","0.147","0.384","0.306","1.633","1.214","0.9566","1"
"ebm62hkt","v0.1-N","default","37","0.27","0.149","0.389","0.307","1.63","1.206","0.9536","0.9997"
"ebm62hkt","v0.1-N","default","38","0.273","0.15","0.395","0.308","1.627","1.203","0.9508","0.9999"
"ebm62hkt","v0.1-N","default","39","0.27","0.148","0.386","0.303","1.622","1.2","0.9521","0.9999"
"ebm62hkt","v0.1-N","default","40","0.273","0.15","0.391","0.315","1.617","1.194","0.9515","0.9999"
"ebm62hkt","v0.1-N","default","41","0.274","0.152","0.391","0.312","1.611","1.186","0.9481","1"
"ebm62hkt","v0.1-N","default","42","0.276","0.153","0.403","0.311","1.615","1.191","0.9481","1"
"ebm62hkt","v0.1-N","default","43","0.279","0.154","0.386","0.314","1.619","1.187","0.9448","0.9995"
"ebm62hkt","v0.1-N","default","44","0.281","0.155","0.401","0.316","1.605","1.175","0.9454","1"
"ebm62hkt","v0.1-N","default","45","0.285","0.157","0.406","0.318","1.595","1.164","0.9418","1"
"ebm62hkt","v0.1-N","default","46","0.285","0.157","0.408","0.314","1.598","1.166","0.9416","0.9995"
"ebm62hkt","v0.1-N","default","47","0.287","0.16","0.412","0.316","1.595","1.164","0.9419","0.9999"
"ebm62hkt","v0.1-N","default","48","0.288","0.16","0.413","0.32","1.599","1.164","0.94","1"
"ebm62hkt","v0.1-N","default","49","0.287","0.159","0.408","0.322","1.58","1.151","0.9409","0.9999"
"ebm62hkt","v0.1-N","default","50","0.29","0.162","0.408","0.326","1.582","1.15","0.9392","1"
"ebm62hkt","v0.1-N","default","51","0.288","0.161","0.406","0.325","1.585","1.152","0.9389","0.9995"
"ebm62hkt","v0.1-N","default","52","0.288","0.161","0.411","0.324","1.588","1.152","0.9377","1"
"ebm62hkt","v0.1-N","default","53","0.291","0.162","0.415","0.321","1.577","1.141","0.9369","1"
"ebm62hkt","v0.1-N","default","54","0.291","0.163","0.416","0.328","1.573","1.144","0.9354","0.9995"
"ebm62hkt","v0.1-N","default","55","0.294","0.164","0.416","0.327","1.571","1.133","0.9331","1"
"ebm62hkt","v0.1-N","default","56","0.295","0.166","0.418","0.327","1.578","1.133","0.9337","1"
"ebm62hkt","v0.1-N","default","57","0.295","0.166","0.429","0.322","1.566","1.129","0.9335","0.9996"
"ebm62hkt","v0.1-N","default","58","0.297","0.167","0.424","0.327","1.566","1.124","0.9319","1.001"
"ebm62hkt","v0.1-N","default","59","0.296","0.166","0.413","0.331","1.562","1.124","0.9322","0.9998"
"ebm62hkt","v0.1-N","default","60","0.3","0.169","0.427","0.328","1.556","1.122","0.9311","1"
"ebm62hkt","v0.1-N","default","61","0.299","0.168","0.423","0.332","1.557","1.121","0.9317","0.9996"
"ebm62hkt","v0.1-N","default","62","0.3","0.167","0.441","0.327","1.55","1.112","0.9298","1"
"ebm62hkt","v0.1-N","default","63","0.299","0.168","0.43","0.331","1.56","1.116","0.9293","1"
"ebm62hkt","v0.1-N","default","64","0.301","0.17","0.437","0.332","1.552","1.11","0.928","0.9998"
"ebm62hkt","v0.1-N","default","65","0.304","0.171","0.44","0.334","1.551","1.111","0.9288","1"
"ebm62hkt","v0.1-N","default","66","0.304","0.171","0.424","0.337","1.556","1.11","0.9274","1"
"ebm62hkt","v0.1-N","default","67","0.305","0.171","0.429","0.336","1.545","1.102","0.9253","0.9995"
"ebm62hkt","v0.1-N","default","68","0.304","0.171","0.438","0.333","1.542","1.099","0.928","1"
"ebm62hkt","v0.1-N","default","69","0.306","0.173","0.434","0.332","1.536","1.092","0.9252","0.9996"
"ebm62hkt","v0.1-N","default","70","0.309","0.174","0.446","0.331","1.531","1.085","0.9215","1"
"ebm62hkt","v0.1-N","default","71","0.307","0.173","0.438","0.333","1.538","1.091","0.9236","1"
"ebm62hkt","v0.1-N","default","72","0.307","0.174","0.436","0.337","1.531","1.086","0.9218","1"
"ebm62hkt","v0.1-N","default","73","0.31","0.175","0.445","0.335","1.535","1.088","0.9218","1"
"ebm62hkt","v0.1-N","default","74","0.307","0.175","0.439","0.336","1.528","1.084","0.9203","0.9997"
"ebm62hkt","v0.1-N","default","75","0.308","0.175","0.436","0.337","1.531","1.086","0.9224","1"
"ebm62hkt","v0.1-N","default","76","0.311","0.176","0.45","0.331","1.539","1.088","0.9213","0.9995"
"ebm62hkt","v0.1-N","default","77","0.312","0.176","0.454","0.335","1.535","1.084","0.9179","1.001"
"ebm62hkt","v0.1-N","default","78","0.311","0.176","0.447","0.334","1.519","1.076","0.9189","0.9995"
"ebm62hkt","v0.1-N","default","79","0.311","0.176","0.449","0.333","1.521","1.071","0.9207","1"
"ebm62hkt","v0.1-N","default","80","0.31","0.177","0.442","0.336","1.514","1.068","0.9176","0.9999"
"ebm62hkt","v0.1-N","default","81","0.311","0.176","0.442","0.338","1.52","1.075","0.919","1"
"ebm62hkt","v0.1-N","default","82","0.311","0.176","0.442","0.338","1.523","1.073","0.9173","0.9995"
"ebm62hkt","v0.1-N","default","83","0.312","0.177","0.446","0.336","1.517","1.071","0.9178","0.9998"
"ebm62hkt","v0.1-N","default","84","0.312","0.177","0.438","0.34","1.512","1.067","0.9173","1.001"
"ebm62hkt","v0.1-N","default","85","0.313","0.178","0.445","0.338","1.528","1.074","0.9159","0.9999"
"ebm62hkt","v0.1-N","default","86","0.315","0.178","0.456","0.331","1.51","1.058","0.9148","0.9998"
"ebm62hkt","v0.1-N","default","87","0.314","0.179","0.442","0.339","1.511","1.06","0.9152","1"
"ebm62hkt","v0.1-N","default","88","0.314","0.179","0.445","0.339","1.501","1.056","0.9131","1"
"ebm62hkt","v0.1-N","default","89","0.314","0.18","0.449","0.339","1.507","1.056","0.9155","0.9998"
"ebm62hkt","v0.1-N","default","90","0.315","0.181","0.448","0.341","1.515","1.062","0.9161","1"
"ebm62hkt","v0.1-N","default","91","0.317","0.181","0.444","0.341","1.515","1.056","0.9109","1"
"ebm62hkt","v0.1-N","default","92","0.317","0.182","0.449","0.341","1.512","1.057","0.9122","0.9999"
"ebm62hkt","v0.1-N","default","93","0.318","0.182","0.45","0.345","1.514","1.057","0.9137","0.9998"
"ebm62hkt","v0.1-N","default","94","0.318","0.181","0.448","0.346","1.505","1.051","0.9102","1"
"ebm62hkt","v0.1-N","default","95","0.318","0.182","0.441","0.347","1.504","1.05","0.9118","0.9999"
"ebm62hkt","v0.1-N","default","96","0.318","0.182","0.456","0.342","1.502","1.045","0.9112","1"
"ebm62hkt","v0.1-N","default","97","0.319","0.182","0.46","0.34","1.503","1.047","0.9111","0.9996"
"ebm62hkt","v0.1-N","default","98","0.32","0.182","0.452","0.343","1.497","1.047","0.9113","1"
"ebm62hkt","v0.1-N","default","99","0.32","0.183","0.456","0.34","1.504","1.042","0.9107","0.9997"
"ebm62hkt","v0.1-N","default","100","0.32","0.184","0.447","0.346","1.486","1.033","0.9085","1"
"ebm62hkt","v0.1-N","default","101","0.322","0.184","0.451","0.347","1.506","1.046","0.9088","1"
"ebm62hkt","v0.1-N","default","102","0.323","0.185","0.452","0.345","1.495","1.039","0.9099","0.9999"
"ebm62hkt","v0.1-N","default","103","0.323","0.185","0.463","0.343","1.497","1.04","0.9097","1"
"ebm62hkt","v0.1-N","default","104","0.323","0.185","0.463","0.34","1.5","1.044","0.9104","0.9999"
"ebm62hkt","v0.1-N","default","105","0.324","0.186","0.469","0.337","1.49","1.036","0.9096","0.9998"
"ebm62hkt","v0.1-N","default","106","0.323","0.185","0.461","0.342","1.483","1.029","0.907","0.9999"
"ebm62hkt","v0.1-N","default","107","0.323","0.185","0.458","0.341","1.495","1.037","0.9072","1"
"ebm62hkt","v0.1-N","default","108","0.322","0.185","0.456","0.339","1.493","1.035","0.9079","1"
"ebm62hkt","v0.1-N","default","109","0.322","0.185","0.458","0.339","1.491","1.029","0.9049","0.9998"
"ebm62hkt","v0.1-N","default","110","0.323","0.185","0.457","0.341","1.481","1.029","0.9064","1"
"ebm62hkt","v0.1-N","default","111","0.323","0.185","0.464","0.339","1.48","1.03","0.9085","1"
"ebm62hkt","v0.1-N","default","112","0.325","0.186","0.467","0.34","1.493","1.032","0.9076","1"
"ebm62hkt","v0.1-N","default","113","0.325","0.186","0.462","0.343","1.488","1.031","0.9043","0.9996"
"ebm62hkt","v0.1-N","default","114","0.326","0.186","0.462","0.345","1.485","1.024","0.9029","1"
"ebm62hkt","v0.1-N","default","115","0.326","0.187","0.457","0.347","1.481","1.023","0.9044","0.9999"
"ebm62hkt","v0.1-N","default","116","0.326","0.187","0.459","0.347","1.475","1.016","0.9039","1"
"ebm62hkt","v0.1-N","default","117","0.327","0.187","0.459","0.345","1.48","1.021","0.9032","0.9997"
"ebm62hkt","v0.1-N","default","118","0.328","0.188","0.463","0.345","1.486","1.022","0.9037","1.001"
"ebm62hkt","v0.1-N","default","119","0.328","0.188","0.464","0.348","1.479","1.018","0.9037","0.9997"
"ebm62hkt","v0.1-N","default","120","0.328","0.188","0.456","0.35","1.483","1.016","0.9038","1"
"ebm62hkt","v0.1-N","default","121","0.329","0.188","0.463","0.347","1.473","1.012","0.9024","0.9995"
"ebm62hkt","v0.1-N","default","122","0.329","0.188","0.464","0.345","1.479","1.019","0.904","0.9997"
"ebm62hkt","v0.1-N","default","123","0.33","0.188","0.461","0.347","1.469","1.009","0.9011","1"
"ebm62hkt","v0.1-N","default","124","0.33","0.189","0.466","0.346","1.47","1.012","0.8997","1"
"ebm62hkt","v0.1-N","default","125","0.33","0.188","0.47","0.346","1.47","1.013","0.9029","1"
"ebm62hkt","v0.1-N","default","126","0.33","0.188","0.469","0.349","1.473","1.013","0.9015","1"
"ebm62hkt","v0.1-N","default","127","0.33","0.189","0.469","0.349","1.469","1.004","0.8994","0.9999"
"ebm62hkt","v0.1-N","default","128","0.329","0.189","0.469","0.348","1.472","1.006","0.8992","1"
"ebm62hkt","v0.1-N","default","129","0.33","0.189","0.469","0.347","1.473","1.003","0.9002","0.9996"
"ebm62hkt","v0.1-N","default","130","0.33","0.189","0.464","0.348","1.469","1.003","0.9004","1"
"ebm62hkt","v0.1-N","default","131","0.33","0.189","0.471","0.347","1.461","0.9994","0.8977","0.9999"
"ebm62hkt","v0.1-N","default","132","0.329","0.189","0.469","0.347","1.466","1.004","0.8992","1"
"ebm62hkt","v0.1-N","default","133","0.33","0.189","0.463","0.351","1.465","0.9955","0.8981","1"
"ebm62hkt","v0.1-N","default","134","0.33","0.189","0.466","0.346","1.466","0.9998","0.8999","0.9997"
"ebm62hkt","v0.1-N","default","135","0.331","0.189","0.465","0.346","1.462","0.9959","0.8965","1"
"ebm62hkt","v0.1-N","default","136","0.33","0.189","0.465","0.348","1.456","0.9905","0.8971","1"
"ebm62hkt","v0.1-N","default","137","0.33","0.189","0.457","0.35","1.458","0.9931","0.8976","0.9999"
"ebm62hkt","v0.1-N","default","138","0.331","0.189","0.463","0.349","1.457","0.9925","0.8969","1"
"ebm62hkt","v0.1-N","default","139","0.33","0.189","0.464","0.347","1.459","0.9899","0.8975","0.9997"
"ebm62hkt","v0.1-N","default","140","0.33","0.189","0.462","0.348","1.459","0.9895","0.8979","1"
"ebm62hkt","v0.1-N","default","141","0.33","0.189","0.466","0.347","1.459","0.9916","0.8974","1"
"ebm62hkt","v0.1-N","default","142","0.331","0.189","0.463","0.349","1.455","0.9894","0.898","1"
"ebm62hkt","v0.1-N","default","143","0.331","0.189","0.465","0.348","1.456","0.9871","0.8966","0.9994"
"ebm62hkt","v0.1-N","default","144","0.33","0.189","0.469","0.346","1.454","0.989","0.8954","0.9998"
"ebm62hkt","v0.1-N","default","145","0.331","0.189","0.466","0.348","1.451","0.9847","0.8967","1"
"ebm62hkt","v0.1-N","default","146","0.331","0.189","0.469","0.347","1.449","0.9837","0.8953","1"
"ebm62hkt","v0.1-N","default","147","0.332","0.19","0.469","0.346","1.451","0.9828","0.8953","0.9999"
"ebm62hkt","v0.1-N","default","148","0.331","0.19","0.467","0.347","1.449","0.9783","0.8946","1"
"ebm62hkt","v0.1-N","default","149","0.331","0.19","0.465","0.347","1.446","0.9757","0.8948","1"
"ebm62hkt","v0.1-N","default","150","0.331","0.19","0.465","0.347","1.45","0.978","0.8944","0.9997"
"ebm62hkt","v0.1-N","default","151","0.331","0.189","0.466","0.348","1.447","0.9812","0.8931","1"
"ebm62hkt","v0.1-N","default","152","0.331","0.19","0.464","0.349","1.45","0.9767","0.8932","1"
"ebm62hkt","v0.1-N","default","153","0.331","0.19","0.457","0.353","1.442","0.9698","0.8942","0.9997"
"ebm62hkt","v0.1-N","default","154","0.331","0.189","0.458","0.352","1.442","0.9742","0.8923","1"
"ebm62hkt","v0.1-N","default","155","0.331","0.189","0.458","0.352","1.437","0.9692","0.8941","1"
"ebm62hkt","v0.1-N","default","156","0.331","0.19","0.463","0.349","1.447","0.9721","0.8922","1"
"ebm62hkt","v0.1-N","default","157","0.331","0.19","0.463","0.35","1.439","0.9644","0.8908","0.9996"
"ebm62hkt","v0.1-N","default","158","0.331","0.189","0.464","0.351","1.435","0.9667","0.8919","1"
"ebm62hkt","v0.1-N","default","159","0.331","0.19","0.463","0.35","1.439","0.9661","0.893","0.9995"
"ebm62hkt","v0.1-N","default","160","0.332","0.19","0.464","0.351","1.435","0.9653","0.8931","0.9999"
"ebm62hkt","v0.1-N","default","161","0.332","0.19","0.458","0.354","1.442","0.9684","0.8913","1"
"ebm62hkt","v0.1-N","default","162","0.332","0.19","0.458","0.354","1.436","0.9628","0.8911","1"
"ebm62hkt","v0.1-N","default","163","0.332","0.19","0.46","0.353","1.44","0.9651","0.892","0.9998"
"ebm62hkt","v0.1-N","default","164","0.332","0.19","0.462","0.353","1.433","0.9597","0.8901","1"
"ebm62hkt","v0.1-N","default","165","0.333","0.19","0.458","0.355","1.435","0.9591","0.8914","0.9995"
"ebm62hkt","v0.1-N","default","166","0.332","0.19","0.457","0.356","1.429","0.9586","0.8898","1"
"ebm62hkt","v0.1-N","default","167","0.333","0.19","0.458","0.356","1.425","0.9556","0.8914","1"
"ebm62hkt","v0.1-N","default","168","0.333","0.19","0.457","0.357","1.438","0.9598","0.8904","1"
"ebm62hkt","v0.1-N","default","169","0.333","0.19","0.454","0.357","1.436","0.9583","0.8898","0.9999"
"ebm62hkt","v0.1-N","default","170","0.333","0.19","0.454","0.357","1.418","0.9489","0.8905","1"
"ebm62hkt","v0.1-N","default","171","0.333","0.19","0.452","0.358","1.432","0.9553","0.8903","0.9994"
"ebm62hkt","v0.1-N","default","172","0.333","0.19","0.453","0.358","1.422","0.9502","0.8911","1.001"
"ebm62hkt","v0.1-N","default","173","0.333","0.19","0.455","0.357","1.429","0.9515","0.8893","0.9999"
"ebm62hkt","v0.1-N","default","174","0.333","0.19","0.454","0.357","1.426","0.9499","0.8895","0.9997"
"ebm62hkt","v0.1-N","default","175","0.333","0.19","0.455","0.356","1.426","0.948","0.8898","1.001"
"ebm62hkt","v0.1-N","default","176","0.333","0.19","0.455","0.356","1.426","0.9512","0.8892","0.9996"
"ebm62hkt","v0.1-N","default","177","0.333","0.19","0.458","0.356","1.425","0.9466","0.8883","1"
"ebm62hkt","v0.1-N","default","178","0.333","0.19","0.458","0.355","1.421","0.9439","0.8888","1"
"ebm62hkt","v0.1-N","default","179","0.333","0.191","0.458","0.355","1.42","0.9448","0.8882","0.9997"
"ebm62hkt","v0.1-N","default","180","0.334","0.191","0.46","0.356","1.417","0.942","0.8875","1"
"ebm62hkt","v0.1-N","default","181","0.333","0.19","0.458","0.355","1.425","0.9443","0.8881","1"
"ebm62hkt","v0.1-N","default","182","0.334","0.19","0.459","0.355","1.42","0.9441","0.8885","1"
"ebm62hkt","v0.1-N","default","183","0.334","0.19","0.459","0.355","1.422","0.9416","0.8881","1"
"ebm62hkt","v0.1-N","default","184","0.334","0.19","0.458","0.356","1.418","0.9384","0.8885","0.9995"
"ebm62hkt","v0.1-N","default","185","0.333","0.19","0.458","0.356","1.417","0.9348","0.8868","1"
"ebm62hkt","v0.1-N","default","186","0.333","0.19","0.457","0.356","1.414","0.9373","0.8876","0.9994"
"ebm62hkt","v0.1-N","default","187","0.333","0.19","0.455","0.358","1.408","0.9325","0.8861","1"
"ebm62hkt","v0.1-N","default","188","0.333","0.19","0.455","0.358","1.41","0.9337","0.8875","1"
"ebm62hkt","v0.1-N","default","189","0.333","0.19","0.454","0.357","1.411","0.9341","0.8856","0.9997"
"ebm62hkt","v0.1-N","default","190","0.333","0.19","0.455","0.357","1.412","0.9315","0.8879","1"
"ebm62hkt","v0.1-N","default","191","0.334","0.19","0.457","0.357","1.407","0.9285","0.8873","0.9999"
"ebm62hkt","v0.1-N","default","192","0.334","0.19","0.454","0.359","1.405","0.9271","0.887","1"
"ebm62hkt","v0.1-N","default","193","0.333","0.19","0.456","0.358","1.417","0.9344","0.8855","0.9997"
"ebm62hkt","v0.1-N","default","194","0.334","0.19","0.455","0.359","1.41","0.9277","0.8866","1"
"ebm62hkt","v0.1-N","default","195","0.334","0.19","0.458","0.358","1.406","0.9251","0.8848","1"
"ebm62hkt","v0.1-N","default","196","0.334","0.19","0.458","0.358","1.41","0.9273","0.8843","0.9999"
"ebm62hkt","v0.1-N","default","197","0.334","0.19","0.457","0.358","1.406","0.9273","0.8856","1"
"ebm62hkt","v0.1-N","default","198","0.334","0.19","0.456","0.359","1.408","0.9225","0.8836","0.9994"
"ebm62hkt","v0.1-N","default","199","0.334","0.19","0.457","0.358","1.406","0.9231","0.8825","1"
"ebm62hkt","v0.1-N","default","200","0.334","0.19","0.457","0.358","1.402","0.922","0.8839","1"
"ebm62hkt","v0.1-N","default","201","0.334","0.19","0.459","0.358","1.4","0.9189","0.8839","1"
"ebm62hkt","v0.1-N","default","202","0.334","0.19","0.461","0.357","1.394","0.9154","0.884","1"
"ebm62hkt","v0.1-N","default","203","0.334","0.19","0.462","0.356","1.406","0.9191","0.8833","1"
"ebm62hkt","v0.1-N","default","204","0.334","0.19","0.462","0.356","1.398","0.918","0.8839","0.9995"
"ebm62hkt","v0.1-N","default","205","0.334","0.191","0.462","0.356","1.397","0.915","0.8853","0.9998"
"ebm62hkt","v0.1-N","default","206","0.334","0.191","0.463","0.356","1.401","0.9138","0.8824","1"
"ebm62hkt","v0.1-N","default","207","0.334","0.191","0.463","0.355","1.398","0.9123","0.8829","1"
"ebm62hkt","v0.1-N","default","208","0.334","0.191","0.465","0.354","1.395","0.9116","0.8842","1"
"ebm62hkt","v0.1-N","default","209","0.334","0.191","0.463","0.355","1.402","0.9163","0.8841","0.9998"
"ebm62hkt","v0.1-N","default","210","0.334","0.191","0.465","0.354","1.394","0.91","0.8818","1"
"ebm62hkt","v0.1-N","default","211","0.334","0.191","0.465","0.354","1.399","0.9107","0.8826","1"
"ebm62hkt","v0.1-N","default","212","0.334","0.191","0.465","0.354","1.389","0.9049","0.8831","0.9996"
"ebm62hkt","v0.1-N","default","213","0.334","0.191","0.465","0.353","1.392","0.9094","0.8821","1"
"ebm62hkt","v0.1-N","default","214","0.334","0.191","0.464","0.354","1.388","0.9052","0.8808","0.9997"
"ebm62hkt","v0.1-N","default","215","0.334","0.191","0.465","0.354","1.394","0.9066","0.8818","0.9998"
"ebm62hkt","v0.1-N","default","216","0.334","0.191","0.465","0.353","1.392","0.908","0.8825","1"
"ebm62hkt","v0.1-N","default","217","0.334","0.191","0.464","0.353","1.388","0.8999","0.8808","1"
"ebm62hkt","v0.1-N","default","218","0.334","0.191","0.464","0.353","1.387","0.8998","0.8796","0.9998"
"ebm62hkt","v0.1-N","default","219","0.334","0.191","0.463","0.354","1.387","0.9019","0.8822","1"
"ebm62hkt","v0.1-N","default","220","0.334","0.191","0.464","0.354","1.388","0.9006","0.8808","0.9998"
"ebm62hkt","v0.1-N","default","221","0.334","0.191","0.464","0.354","1.383","0.8957","0.8823","1"
"ebm62hkt","v0.1-N","default","222","0.334","0.191","0.463","0.355","1.389","0.8995","0.8808","1"
"ebm62hkt","v0.1-N","default","223","0.334","0.191","0.465","0.354","1.378","0.8944","0.8802","1"
"ebm62hkt","v0.1-N","default","224","0.334","0.191","0.463","0.354","1.383","0.8945","0.88","1"
"ebm62hkt","v0.1-N","default","225","0.334","0.191","0.465","0.353","1.383","0.8935","0.8796","0.9999"
"ebm62hkt","v0.1-N","default","226","0.334","0.191","0.463","0.354","1.381","0.8899","0.8777","0.9998"
"ebm62hkt","v0.1-N","default","227","0.335","0.191","0.464","0.354","1.379","0.8905","0.8791","0.9999"
"ebm62hkt","v0.1-N","default","228","0.334","0.191","0.463","0.354","1.386","0.8967","0.8785","1"
"ebm62hkt","v0.1-N","default","229","0.334","0.191","0.468","0.353","1.378","0.886","0.8792","0.9999"
"ebm62hkt","v0.1-N","default","230","0.334","0.191","0.468","0.352","1.371","0.8882","0.8793","0.9999"
"ebm62hkt","v0.1-N","default","231","0.334","0.191","0.467","0.353","1.386","0.8914","0.8783","1"
"ebm62hkt","v0.1-N","default","232","0.334","0.191","0.466","0.354","1.378","0.8852","0.8793","0.9997"
"ebm62hkt","v0.1-N","default","233","0.334","0.191","0.467","0.354","1.382","0.8877","0.8782","1.001"
"ebm62hkt","v0.1-N","default","234","0.335","0.191","0.468","0.354","1.376","0.8839","0.8776","0.9994"
"ebm62hkt","v0.1-N","default","235","0.335","0.191","0.468","0.353","1.379","0.887","0.8769","1"
"ebm62hkt","v0.1-N","default","236","0.335","0.191","0.468","0.353","1.371","0.8814","0.8777","1"
"ebm62hkt","v0.1-N","default","237","0.335","0.191","0.469","0.353","1.372","0.8789","0.8783","0.9995"
"ebm62hkt","v0.1-N","default","238","0.335","0.191","0.469","0.352","1.378","0.8861","0.8773","1"
"ebm62hkt","v0.1-N","default","239","0.335","0.191","0.471","0.352","1.377","0.8823","0.8784","1"
"ebm62hkt","v0.1-N","default","240","0.335","0.192","0.471","0.352","1.372","0.8801","0.877","1"
"ebm62hkt","v0.1-N","default","241","0.335","0.192","0.473","0.351","1.371","0.877","0.8761","0.9998"
"ebm62hkt","v0.1-N","default","242","0.335","0.192","0.474","0.35","1.37","0.8748","0.8759","1"
"ebm62hkt","v0.1-N","default","243","0.335","0.192","0.474","0.35","1.368","0.8749","0.8759","1"
"ebm62hkt","v0.1-N","default","244","0.335","0.191","0.473","0.35","1.369","0.8736","0.8775","1"
"ebm62hkt","v0.1-N","default","245","0.335","0.191","0.473","0.35","1.373","0.8754","0.876","0.9994"
"ebm62hkt","v0.1-N","default","246","0.335","0.191","0.472","0.35","1.366","0.8729","0.8764","1"
"ebm62hkt","v0.1-N","default","247","0.335","0.192","0.473","0.351","1.369","0.8745","0.8762","1"
"ebm62hkt","v0.1-N","default","248","0.335","0.192","0.473","0.351","1.366","0.8707","0.8756","0.9992"
"ebm62hkt","v0.1-N","default","249","0.335","0.192","0.473","0.351","1.362","0.8695","0.8754","1.001"
"ebm62hkt","v0.1-N","default","250","0.335","0.192","0.473","0.351","1.366","0.8688","0.8769","0.9998"
"ebm62hkt","v0.1-N","default","251","0.335","0.192","0.474","0.351","1.36","0.8671","0.876","0.9999"
"ebm62hkt","v0.1-N","default","252","0.335","0.192","0.475","0.35","1.37","0.8723","0.8757","0.9999"
"ebm62hkt","v0.1-N","default","253","0.335","0.192","0.471","0.352","1.361","0.8694","0.8756","1"
"ebm62hkt","v0.1-N","default","254","0.335","0.192","0.475","0.35","1.364","0.8677","0.8758","1"
"ebm62hkt","v0.1-N","default","255","0.335","0.192","0.475","0.351","1.36","0.8655","0.8764","1"
"ebm62hkt","v0.1-N","default","256","0.336","0.192","0.475","0.351","1.359","0.8612","0.8744","0.9997"
"ebm62hkt","v0.1-N","default","257","0.336","0.192","0.472","0.352","1.354","0.8611","0.8738","0.9998"
"ebm62hkt","v0.1-N","default","258","0.336","0.192","0.473","0.352","1.356","0.8564","0.874","1"
"ebm62hkt","v0.1-N","default","259","0.336","0.192","0.475","0.351","1.352","0.8585","0.8739","1"
"ebm62hkt","v0.1-N","default","260","0.336","0.192","0.473","0.351","1.35","0.8554","0.8749","0.9997"
"ebm62hkt","v0.1-N","default","261","0.336","0.192","0.474","0.351","1.359","0.8631","0.8737","1"
"ebm62hkt","v0.1-N","default","262","0.336","0.192","0.474","0.352","1.356","0.8572","0.8729","1"
"ebm62hkt","v0.1-N","default","263","0.336","0.192","0.475","0.352","1.358","0.8581","0.8732","0.9994"
"ebm62hkt","v0.1-N","default","264","0.336","0.192","0.473","0.352","1.354","0.8581","0.8747","0.9999"
"ebm62hkt","v0.1-N","default","265","0.336","0.192","0.475","0.352","1.36","0.8581","0.8723","1.001"
"ebm62hkt","v0.1-N","default","266","0.336","0.192","0.475","0.352","1.353","0.8541","0.8734","0.9994"
"ebm62hkt","v0.1-N","default","267","0.336","0.192","0.472","0.353","1.349","0.8534","0.8729","1"
"ebm62hkt","v0.1-N","default","268","0.336","0.192","0.472","0.353","1.353","0.8518","0.8722","0.9996"
"ebm62hkt","v0.1-N","default","269","0.336","0.192","0.474","0.353","1.343","0.8473","0.872","1"
"ebm62hkt","v0.1-N","default","270","0.336","0.192","0.476","0.352","1.356","0.8543","0.8737","1"
"ebm62hkt","v0.1-N","default","271","0.336","0.192","0.474","0.352","1.343","0.8474","0.8713","0.9997"
"ebm62hkt","v0.1-N","default","272","0.336","0.192","0.476","0.353","1.354","0.852","0.8714","1"
"ebm62hkt","v0.1-N","default","273","0.336","0.192","0.472","0.354","1.344","0.8479","0.872","0.9994"
"ebm62hkt","v0.1-N","default","274","0.336","0.192","0.474","0.353","1.356","0.8539","0.8737","1"
"ebm62hkt","v0.1-N","default","275","0.336","0.192","0.474","0.353","1.343","0.8453","0.8725","1"
"ebm62hkt","v0.1-N","default","276","0.335","0.192","0.475","0.353","1.346","0.8443","0.8709","0.9998"
"ebm62hkt","v0.1-N","default","277","0.335","0.192","0.474","0.353","1.352","0.8485","0.8721","0.9999"
"ebm62hkt","v0.1-N","default","278","0.335","0.192","0.474","0.354","1.338","0.8414","0.8706","0.9999"
"ebm62hkt","v0.1-N","default","279","0.335","0.192","0.473","0.353","1.346","0.8435","0.8717","1"
"ebm62hkt","v0.1-N","default","280","0.336","0.192","0.473","0.353","1.34","0.8406","0.8723","1"
"ebm62hkt","v0.1-N","default","281","0.335","0.192","0.476","0.352","1.335","0.8403","0.8717","0.9998"
"ebm62hkt","v0.1-N","default","282","0.335","0.192","0.476","0.352","1.342","0.843","0.871","0.9999"
"ebm62hkt","v0.1-N","default","283","0.335","0.192","0.477","0.352","1.339","0.8381","0.8696","0.9998"
"ebm62hkt","v0.1-N","default","284","0.335","0.192","0.477","0.352","1.336","0.8371","0.8701","1"
"ebm62hkt","v0.1-N","default","285","0.335","0.192","0.477","0.352","1.335","0.8352","0.8694","0.9999"
"ebm62hkt","v0.1-N","default","286","0.335","0.192","0.477","0.352","1.339","0.838","0.8694","0.9999"
"ebm62hkt","v0.1-N","default","287","0.335","0.192","0.477","0.351","1.342","0.8374","0.869","1"
"ebm62hkt","v0.1-N","default","288","0.335","0.192","0.477","0.351","1.328","0.8303","0.8693","0.9996"
"ebm62hkt","v0.1-N","default","289","0.335","0.191","0.477","0.351","1.335","0.831","0.8678","1"
"ebm62hkt","v0.1-N","default","290","0.335","0.191","0.478","0.351","1.344","0.8376","0.8693","1"
"ebm62hkt","v0.1-N","default","291","0.335","0.191","0.478","0.35","1.302","0.8061","0.8719","1"
"ebm62hkt","v0.1-N","default","292","0.335","0.191","0.478","0.351","1.283","0.7912","0.8676","0.9999"
"ebm62hkt","v0.1-N","default","293","0.335","0.191","0.479","0.35","1.279","0.7842","0.8686","0.9998"
"ebm62hkt","v0.1-N","default","294","0.335","0.191","0.48","0.351","1.277","0.7845","0.8683","0.9998"
"ebm62hkt","v0.1-N","default","295","0.335","0.191","0.479","0.35","1.271","0.7777","0.8683","1"
"ebm62hkt","v0.1-N","default","296","0.335","0.191","0.48","0.35","1.273","0.7774","0.8668","0.9998"
"ebm62hkt","v0.1-N","default","297","0.335","0.191","0.48","0.35","1.27","0.7751","0.8678","1"
"ebm62hkt","v0.1-N","default","298","0.335","0.191","0.478","0.35","1.27","0.774","0.8668","1"
"ebm62hkt","v0.1-N","default","299","0.335","0.191","0.478","0.349","1.269","0.7738","0.8667","0.9998"
"ebm62hkt","v0.1-N","default","300","0.335","0.191","0.478","0.35","1.269","0.7741","0.8668","0.9999"
"dr9ddccj","EsMoE-N","default_requested","1","2.17E-07","1.14E-07","8.56E-06","0.000797","5.593","6.084","4.287","1.165"
"dr9ddccj","EsMoE-N","default_requested","2","0.0175","0.00625","0.0307","0.0826","4.53","4.496","3.149","0.9988"
"dr9ddccj","EsMoE-N","default_requested","3","0.0438","0.019","0.291","0.101","2.757","2.488","1.463","0.999"
"dr9ddccj","EsMoE-N","default_requested","4","0.0726","0.0342","0.224","0.131","2.37","2.096","1.26","0.9998"
"dr9ddccj","EsMoE-N","default_requested","5","0.0987","0.0484","0.2","0.16","2.185","1.866","1.174","0.9998"
"dr9ddccj","EsMoE-N","default_requested","6","0.102","0.0501","0.184","0.178","2.057","1.723","1.132","1"
"dr9ddccj","EsMoE-N","default_requested","7","0.133","0.0668","0.243","0.188","1.987","1.632","1.108","0.9999"
"dr9ddccj","EsMoE-N","default_requested","8","0.146","0.0727","0.229","0.215","1.923","1.555","1.089","1"
"dr9ddccj","EsMoE-N","default_requested","9","0.153","0.0771","0.239","0.214","1.874","1.498","1.072","1"
"dr9ddccj","EsMoE-N","default_requested","10","0.156","0.0802","0.244","0.215","1.851","1.461","1.056","1"
"dr9ddccj","EsMoE-N","default_requested","11","0.176","0.0919","0.316","0.224","1.827","1.433","1.049","1"
"dr9ddccj","EsMoE-N","default_requested","12","0.182","0.0965","0.285","0.236","1.802","1.404","1.041","1"
"dr9ddccj","EsMoE-N","default_requested","13","0.191","0.101","0.395","0.246","1.773","1.372","1.034","1"
"dr9ddccj","EsMoE-N","default_requested","14","0.204","0.11","0.323","0.252","1.787","1.372","1.023","1"
"dr9ddccj","EsMoE-N","default_requested","15","0.21","0.114","0.368","0.245","1.769","1.361","1.019","1"
"dr9ddccj","EsMoE-N","default_requested","16","0.205","0.11","0.328","0.247","1.761","1.36","1.01","1"
"dr9ddccj","EsMoE-N","default_requested","17","0.209","0.113","0.328","0.254","1.744","1.334","1.003","1"
"dr9ddccj","EsMoE-N","default_requested","18","0.221","0.118","0.328","0.264","1.733","1.324","1.001","1"
"dr9ddccj","EsMoE-N","default_requested","19","0.219","0.118","0.335","0.266","1.717","1.312","0.994","1"
"dr9ddccj","EsMoE-N","default_requested","20","0.222","0.121","0.337","0.267","1.721","1.304","0.9931","1"
"dr9ddccj","EsMoE-N","default_requested","21","0.231","0.124","0.349","0.266","1.705","1.277","0.9878","1"
"dr9ddccj","EsMoE-N","default_requested","22","0.232","0.126","0.33","0.275","1.684","1.272","0.9865","1"
"dr9ddccj","EsMoE-N","default_requested","23","0.231","0.125","0.352","0.273","1.686","1.268","0.9836","1"
"dr9ddccj","EsMoE-N","default_requested","24","0.241","0.13","0.357","0.277","1.665","1.248","0.9821","1"
"dr9ddccj","EsMoE-N","default_requested","25","0.246","0.135","0.366","0.284","1.667","1.247","0.9773","1"
"dr9ddccj","EsMoE-N","default_requested","26","0.248","0.135","0.36","0.293","1.669","1.241","0.9736","1"
"dr9ddccj","EsMoE-N","default_requested","27","0.245","0.134","0.373","0.28","1.656","1.232","0.9715","1"
"dr9ddccj","EsMoE-N","default_requested","28","0.248","0.137","0.359","0.291","1.642","1.217","0.9706","1"
"dr9ddccj","EsMoE-N","default_requested","29","0.255","0.137","0.366","0.294","1.646","1.216","0.9679","1"
"dr9ddccj","EsMoE-N","default_requested","30","0.257","0.139","0.37","0.292","1.637","1.212","0.969","1"
"dr9ddccj","EsMoE-N","default_requested","31","0.256","0.139","0.368","0.299","1.643","1.206","0.9659","1"
"dr9ddccj","EsMoE-N","default_requested","32","0.263","0.144","0.391","0.293","1.632","1.197","0.9658","1"
"dr9ddccj","EsMoE-N","default_requested","33","0.259","0.143","0.384","0.296","1.638","1.194","0.9617","1"
"dr9ddccj","EsMoE-N","default_requested","34","0.263","0.144","0.384","0.295","1.625","1.189","0.9624","1"
"dr9ddccj","EsMoE-N","default_requested","35","0.266","0.146","0.405","0.294","1.61","1.182","0.9629","1"
"dr9ddccj","EsMoE-N","default_requested","36","0.268","0.147","0.386","0.305","1.607","1.178","0.9611","1"
"dr9ddccj","EsMoE-N","default_requested","37","0.267","0.146","0.393","0.304","1.601","1.17","0.9577","1"
"dr9ddccj","EsMoE-N","default_requested","38","0.272","0.15","0.4","0.312","1.601","1.166","0.9559","1"
"dr9ddccj","EsMoE-N","default_requested","39","0.272","0.15","0.411","0.3","1.595","1.163","0.9584","1"
"dr9ddccj","EsMoE-N","default_requested","40","0.271","0.15","0.398","0.304","1.592","1.159","0.957","1"
"dr9ddccj","EsMoE-N","default_requested","41","0.277","0.153","0.392","0.31","1.585","1.151","0.9541","1"
"dr9ddccj","EsMoE-N","default_requested","42","0.279","0.154","0.395","0.315","1.588","1.154","0.9536","1"
"dr9ddccj","EsMoE-N","default_requested","43","0.277","0.153","0.394","0.31","1.593","1.153","0.9509","1"
"dr9ddccj","EsMoE-N","default_requested","44","0.28","0.155","0.398","0.309","1.578","1.14","0.9513","1"
"dr9ddccj","EsMoE-N","default_requested","45","0.28","0.155","0.391","0.313","1.568","1.132","0.9481","1"
"dr9ddccj","EsMoE-N","default_requested","46","0.281","0.155","0.397","0.312","1.573","1.133","0.9492","1"
"dr9ddccj","EsMoE-N","default_requested","47","0.283","0.157","0.39","0.321","1.571","1.132","0.9498","1"
"dr9ddccj","EsMoE-N","default_requested","48","0.284","0.158","0.392","0.323","1.576","1.133","0.9476","1"
"dr9ddccj","EsMoE-N","default_requested","49","0.29","0.161","0.411","0.321","1.557","1.12","0.9479","1"
"dr9ddccj","EsMoE-N","default_requested","50","0.287","0.16","0.399","0.316","1.559","1.119","0.9465","1"
"dr9ddccj","EsMoE-N","default_requested","51","0.289","0.16","0.411","0.321","1.564","1.122","0.9476","1"
"dr9ddccj","EsMoE-N","default_requested","52","0.291","0.161","0.406","0.321","1.567","1.122","0.9462","1"
"dr9ddccj","EsMoE-N","default_requested","53","0.291","0.163","0.414","0.32","1.552","1.109","0.9445","1"
"dr9ddccj","EsMoE-N","default_requested","54","0.292","0.162","0.413","0.322","1.551","1.113","0.9446","1"
"dr9ddccj","EsMoE-N","default_requested","55","0.293","0.162","0.403","0.331","1.549","1.106","0.9415","1"
"dr9ddccj","EsMoE-N","default_requested","56","0.293","0.163","0.409","0.326","1.554","1.107","0.942","1"
"dr9ddccj","EsMoE-N","default_requested","57","0.293","0.163","0.416","0.328","1.548","1.104","0.9429","1"
"dr9ddccj","EsMoE-N","default_requested","58","0.296","0.164","0.418","0.328","1.546","1.096","0.9403","1"
"dr9ddccj","EsMoE-N","default_requested","59","0.298","0.166","0.424","0.327","1.541","1.097","0.9407","1"
"dr9ddccj","EsMoE-N","default_requested","60","0.3","0.169","0.435","0.325","1.535","1.093","0.9386","1"
"dr9ddccj","EsMoE-N","default_requested","61","0.3","0.167","0.415","0.331","1.535","1.091","0.9404","1"
"dr9ddccj","EsMoE-N","default_requested","62","0.302","0.168","0.413","0.337","1.53","1.086","0.9389","1"
"dr9ddccj","EsMoE-N","default_requested","63","0.299","0.167","0.42","0.333","1.539","1.088","0.9391","1"
"dr9ddccj","EsMoE-N","default_requested","64","0.3","0.168","0.425","0.331","1.533","1.083","0.9379","1"
"dr9ddccj","EsMoE-N","default_requested","65","0.301","0.168","0.426","0.33","1.53","1.084","0.9387","1"
"dr9ddccj","EsMoE-N","default_requested","66","0.302","0.169","0.418","0.33","1.536","1.086","0.9371","1"
"dr9ddccj","EsMoE-N","default_requested","67","0.303","0.169","0.422","0.337","1.527","1.078","0.9354","1"
"dr9ddccj","EsMoE-N","default_requested","68","0.304","0.17","0.435","0.335","1.524","1.074","0.9391","1"
"dr9ddccj","EsMoE-N","default_requested","69","0.305","0.17","0.437","0.329","1.518","1.069","0.9362","1"
"dr9ddccj","EsMoE-N","default_requested","70","0.308","0.173","0.43","0.335","1.512","1.061","0.9315","1"
"dr9ddccj","EsMoE-N","default_requested","71","0.307","0.173","0.431","0.338","1.519","1.068","0.9346","1"
"dr9ddccj","EsMoE-N","default_requested","72","0.309","0.174","0.43","0.338","1.513","1.065","0.9322","1"
"dr9ddccj","EsMoE-N","default_requested","73","0.308","0.173","0.441","0.331","1.518","1.068","0.9323","1"
"dr9ddccj","EsMoE-N","default_requested","74","0.309","0.174","0.437","0.337","1.51","1.064","0.9301","1"
"dr9ddccj","EsMoE-N","default_requested","75","0.309","0.174","0.429","0.339","1.516","1.065","0.9321","1"
"dr9ddccj","EsMoE-N","default_requested","76","0.311","0.174","0.435","0.338","1.523","1.068","0.9324","1"
"dr9ddccj","EsMoE-N","default_requested","77","0.31","0.174","0.439","0.34","1.521","1.067","0.9293","1"
"dr9ddccj","EsMoE-N","default_requested","78","0.313","0.176","0.433","0.343","1.506","1.058","0.9288","1"
"dr9ddccj","EsMoE-N","default_requested","79","0.313","0.176","0.43","0.344","1.507","1.051","0.9309","1"
"dr9ddccj","EsMoE-N","default_requested","80","0.314","0.176","0.431","0.345","1.504","1.054","0.9285","1"
"dr9ddccj","EsMoE-N","default_requested","81","0.315","0.177","0.428","0.347","1.506","1.057","0.9296","1"
"dr9ddccj","EsMoE-N","default_requested","82","0.314","0.177","0.43","0.346","1.51","1.055","0.9278","1"
"dr9ddccj","EsMoE-N","default_requested","83","0.316","0.178","0.433","0.346","1.503","1.052","0.9286","1"
"dr9ddccj","EsMoE-N","default_requested","84","0.314","0.177","0.429","0.342","1.497","1.047","0.9275","1"
"dr9ddccj","EsMoE-N","default_requested","85","0.316","0.178","0.435","0.344","1.511","1.055","0.9256","1"
"dr9ddccj","EsMoE-N","default_requested","86","0.316","0.178","0.44","0.344","1.496","1.04","0.925","1"
"dr9ddccj","EsMoE-N","default_requested","87","0.319","0.18","0.439","0.349","1.497","1.045","0.926","1"
"dr9ddccj","EsMoE-N","default_requested","88","0.319","0.181","0.437","0.351","1.489","1.039","0.9236","1"
"dr9ddccj","EsMoE-N","default_requested","89","0.319","0.18","0.441","0.349","1.493","1.039","0.9261","1"
"dr9ddccj","EsMoE-N","default_requested","90","0.319","0.179","0.439","0.347","1.501","1.045","0.9265","1"
"dr9ddccj","EsMoE-N","default_requested","91","0.318","0.18","0.443","0.347","1.501","1.041","0.921","1"
"dr9ddccj","EsMoE-N","default_requested","92","0.319","0.18","0.44","0.347","1.5","1.042","0.9228","1"
"dr9ddccj","EsMoE-N","default_requested","93","0.32","0.179","0.433","0.355","1.504","1.045","0.9249","1"
"dr9ddccj","EsMoE-N","default_requested","94","0.321","0.181","0.44","0.352","1.493","1.037","0.9205","1"
"dr9ddccj","EsMoE-N","default_requested","95","0.322","0.182","0.446","0.351","1.493","1.038","0.9222","1"
"dr9ddccj","EsMoE-N","default_requested","96","0.322","0.182","0.448","0.348","1.49","1.032","0.9216","1"
"dr9ddccj","EsMoE-N","default_requested","97","0.322","0.182","0.454","0.348","1.49","1.032","0.9213","1"
"dr9ddccj","EsMoE-N","default_requested","98","0.323","0.182","0.445","0.35","1.485","1.033","0.9214","1"
"dr9ddccj","EsMoE-N","default_requested","99","0.323","0.183","0.454","0.349","1.491","1.029","0.9212","1"
"dr9ddccj","EsMoE-N","default_requested","100","0.325","0.184","0.447","0.351","1.476","1.022","0.9195","1"
"dr9ddccj","EsMoE-N","default_requested","101","0.325","0.185","0.444","0.353","1.493","1.031","0.9188","1"
"dr9ddccj","EsMoE-N","default_requested","102","0.325","0.185","0.445","0.352","1.483","1.024","0.9197","1"
"dr9ddccj","EsMoE-N","default_requested","103","0.327","0.186","0.446","0.354","1.486","1.026","0.92","1"
"dr9ddccj","EsMoE-N","default_requested","104","0.327","0.187","0.453","0.349","1.488","1.028","0.9211","1"
"dr9ddccj","EsMoE-N","default_requested","105","0.326","0.186","0.444","0.355","1.475","1.018","0.919","1"
"dr9ddccj","EsMoE-N","default_requested","106","0.327","0.186","0.448","0.353","1.472","1.014","0.9177","1"
"dr9ddccj","EsMoE-N","default_requested","107","0.328","0.186","0.455","0.352","1.483","1.024","0.917","1"
"dr9ddccj","EsMoE-N","default_requested","108","0.328","0.186","0.456","0.351","1.481","1.02","0.9174","1"
"dr9ddccj","EsMoE-N","default_requested","109","0.328","0.187","0.456","0.349","1.48","1.016","0.9157","1"
"dr9ddccj","EsMoE-N","default_requested","110","0.328","0.187","0.45","0.357","1.47","1.016","0.9168","1"
"dr9ddccj","EsMoE-N","default_requested","111","0.327","0.186","0.451","0.354","1.47","1.018","0.9196","1"
"dr9ddccj","EsMoE-N","default_requested","112","0.327","0.185","0.451","0.353","1.48","1.019","0.9177","1"
"dr9ddccj","EsMoE-N","default_requested","113","0.327","0.186","0.454","0.351","1.475","1.017","0.9157","1"
"dr9ddccj","EsMoE-N","default_requested","114","0.328","0.186","0.453","0.352","1.473","1.012","0.9137","1"
"dr9ddccj","EsMoE-N","default_requested","115","0.328","0.186","0.454","0.352","1.469","1.008","0.9159","1"
"dr9ddccj","EsMoE-N","default_requested","116","0.328","0.186","0.452","0.353","1.464","1.005","0.9154","1"
"dr9ddccj","EsMoE-N","default_requested","117","0.328","0.186","0.455","0.352","1.468","1.008","0.9138","1"
"dr9ddccj","EsMoE-N","default_requested","118","0.328","0.186","0.451","0.356","1.475","1.009","0.9145","1"
"dr9ddccj","EsMoE-N","default_requested","119","0.329","0.187","0.458","0.355","1.468","1.006","0.9139","1"
"dr9ddccj","EsMoE-N","default_requested","120","0.33","0.187","0.458","0.356","1.47","1.003","0.9139","1"
"dr9ddccj","EsMoE-N","default_requested","121","0.331","0.187","0.456","0.356","1.462","1","0.9135","1"
"dr9ddccj","EsMoE-N","default_requested","122","0.331","0.188","0.454","0.358","1.468","1.006","0.9146","1"
"dr9ddccj","EsMoE-N","default_requested","123","0.332","0.188","0.458","0.357","1.458","0.9964","0.9119","1"
"dr9ddccj","EsMoE-N","default_requested","124","0.332","0.189","0.459","0.354","1.459","0.9994","0.9103","1"
"dr9ddccj","EsMoE-N","default_requested","125","0.332","0.189","0.457","0.355","1.46","0.9987","0.9142","1"
"dr9ddccj","EsMoE-N","default_requested","126","0.332","0.189","0.455","0.357","1.462","1.001","0.9123","1"
"dr9ddccj","EsMoE-N","default_requested","127","0.332","0.189","0.454","0.358","1.459","0.9921","0.91","1"
"dr9ddccj","EsMoE-N","default_requested","128","0.332","0.189","0.458","0.357","1.462","0.9939","0.91","1"
"dr9ddccj","EsMoE-N","default_requested","129","0.333","0.189","0.453","0.36","1.462","0.9901","0.911","1"
"dr9ddccj","EsMoE-N","default_requested","130","0.333","0.189","0.45","0.36","1.457","0.9915","0.9115","1"
"dr9ddccj","EsMoE-N","default_requested","131","0.333","0.19","0.448","0.363","1.45","0.9874","0.909","1"
"dr9ddccj","EsMoE-N","default_requested","132","0.333","0.19","0.449","0.361","1.455","0.9908","0.9103","1"
"dr9ddccj","EsMoE-N","default_requested","133","0.334","0.19","0.446","0.362","1.454","0.9843","0.9085","1"
"dr9ddccj","EsMoE-N","default_requested","134","0.334","0.19","0.446","0.361","1.453","0.9886","0.9108","1"
"dr9ddccj","EsMoE-N","default_requested","135","0.334","0.19","0.442","0.364","1.452","0.9859","0.9074","1"
"dr9ddccj","EsMoE-N","default_requested","136","0.334","0.19","0.443","0.365","1.445","0.9808","0.9076","1"
"dr9ddccj","EsMoE-N","default_requested","137","0.334","0.19","0.442","0.365","1.447","0.9817","0.9082","1"
"dr9ddccj","EsMoE-N","default_requested","138","0.335","0.191","0.437","0.369","1.445","0.9834","0.9076","1"
"dr9ddccj","EsMoE-N","default_requested","139","0.335","0.191","0.442","0.367","1.449","0.9808","0.908","1"
"dr9ddccj","EsMoE-N","default_requested","140","0.335","0.191","0.442","0.368","1.449","0.9793","0.9081","1"
"dr9ddccj","EsMoE-N","default_requested","141","0.335","0.191","0.442","0.369","1.452","0.9821","0.9078","1"
"dr9ddccj","EsMoE-N","default_requested","142","0.335","0.191","0.443","0.367","1.444","0.979","0.9085","1"
"dr9ddccj","EsMoE-N","default_requested","143","0.336","0.191","0.444","0.367","1.446","0.9762","0.9068","1"
"dr9ddccj","EsMoE-N","default_requested","144","0.336","0.191","0.447","0.366","1.446","0.9784","0.9063","1"
"dr9ddccj","EsMoE-N","default_requested","145","0.336","0.192","0.449","0.365","1.442","0.9746","0.9068","1"
"dr9ddccj","EsMoE-N","default_requested","146","0.336","0.192","0.449","0.367","1.44","0.974","0.9058","1"
"dr9ddccj","EsMoE-N","default_requested","147","0.337","0.192","0.448","0.367","1.443","0.9736","0.9066","1"
"dr9ddccj","EsMoE-N","default_requested","148","0.337","0.192","0.448","0.367","1.44","0.9703","0.9059","1"
"dr9ddccj","EsMoE-N","default_requested","149","0.337","0.192","0.447","0.369","1.439","0.9694","0.9061","1"
"dr9ddccj","EsMoE-N","default_requested","150","0.337","0.192","0.447","0.369","1.441","0.9675","0.9048","1"
"dr9ddccj","EsMoE-N","default_requested","151","0.336","0.192","0.448","0.367","1.439","0.9714","0.9042","1"
"dr9ddccj","EsMoE-N","default_requested","152","0.336","0.192","0.446","0.37","1.442","0.9666","0.904","1"
"dr9ddccj","EsMoE-N","default_requested","153","0.337","0.192","0.45","0.368","1.432","0.962","0.9053","1"
"dr9ddccj","EsMoE-N","default_requested","154","0.337","0.192","0.449","0.368","1.434","0.9661","0.9034","1"
"dr9ddccj","EsMoE-N","default_requested","155","0.337","0.192","0.45","0.369","1.429","0.9617","0.9048","1"
"dr9ddccj","EsMoE-N","default_requested","156","0.337","0.192","0.452","0.368","1.441","0.9643","0.9034","1"
"dr9ddccj","EsMoE-N","default_requested","157","0.337","0.192","0.452","0.368","1.431","0.9575","0.9014","1"
"dr9ddccj","EsMoE-N","default_requested","158","0.337","0.192","0.45","0.369","1.427","0.961","0.9031","1"
"dr9ddccj","EsMoE-N","default_requested","159","0.337","0.192","0.449","0.369","1.432","0.9592","0.9039","1"
"dr9ddccj","EsMoE-N","default_requested","160","0.337","0.192","0.448","0.37","1.427","0.9599","0.9034","1"
"dr9ddccj","EsMoE-N","default_requested","161","0.337","0.192","0.452","0.367","1.432","0.9616","0.9019","1"
"dr9ddccj","EsMoE-N","default_requested","162","0.337","0.193","0.451","0.368","1.428","0.9546","0.9021","1"
"dr9ddccj","EsMoE-N","default_requested","163","0.337","0.193","0.451","0.369","1.432","0.958","0.9028","1"
"dr9ddccj","EsMoE-N","default_requested","164","0.337","0.193","0.45","0.369","1.425","0.9522","0.9012","1"
"dr9ddccj","EsMoE-N","default_requested","165","0.337","0.193","0.454","0.367","1.428","0.9512","0.9022","1"
"dr9ddccj","EsMoE-N","default_requested","166","0.337","0.193","0.452","0.369","1.422","0.9521","0.9008","1"
"dr9ddccj","EsMoE-N","default_requested","167","0.337","0.193","0.453","0.368","1.419","0.949","0.9027","1"
"dr9ddccj","EsMoE-N","default_requested","168","0.338","0.193","0.456","0.367","1.43","0.9523","0.9008","1"
"dr9ddccj","EsMoE-N","default_requested","169","0.338","0.193","0.455","0.368","1.429","0.9513","0.9004","1"
"dr9ddccj","EsMoE-N","default_requested","170","0.338","0.193","0.454","0.368","1.41","0.9419","0.9008","1"
"dr9ddccj","EsMoE-N","default_requested","171","0.338","0.193","0.457","0.367","1.424","0.9497","0.901","1"
"dr9ddccj","EsMoE-N","default_requested","172","0.338","0.193","0.456","0.368","1.413","0.9449","0.9026","1"
"dr9ddccj","EsMoE-N","default_requested","173","0.338","0.193","0.456","0.367","1.422","0.9461","0.8997","1"
"dr9ddccj","EsMoE-N","default_requested","174","0.338","0.193","0.458","0.366","1.419","0.9431","0.9005","1"
"dr9ddccj","EsMoE-N","default_requested","175","0.338","0.193","0.455","0.369","1.42","0.9438","0.9006","1"
"dr9ddccj","EsMoE-N","default_requested","176","0.338","0.193","0.456","0.368","1.419","0.9455","0.8999","1"
"dr9ddccj","EsMoE-N","default_requested","177","0.338","0.193","0.455","0.369","1.419","0.9406","0.8994","1"
"dr9ddccj","EsMoE-N","default_requested","178","0.338","0.193","0.456","0.369","1.414","0.9382","0.8996","1"
"dr9ddccj","EsMoE-N","default_requested","179","0.338","0.193","0.456","0.369","1.413","0.9401","0.8984","1"
"dr9ddccj","EsMoE-N","default_requested","180","0.338","0.193","0.454","0.369","1.411","0.9366","0.8983","1"
"dr9ddccj","EsMoE-N","default_requested","181","0.338","0.193","0.453","0.37","1.418","0.9402","0.8988","1"
"dr9ddccj","EsMoE-N","default_requested","182","0.338","0.193","0.454","0.369","1.414","0.9383","0.8995","1"
"dr9ddccj","EsMoE-N","default_requested","183","0.338","0.193","0.455","0.37","1.416","0.935","0.8982","1"
"dr9ddccj","EsMoE-N","default_requested","184","0.339","0.194","0.455","0.369","1.411","0.9335","0.8983","1"
"dr9ddccj","EsMoE-N","default_requested","185","0.339","0.194","0.456","0.369","1.412","0.9314","0.8973","1"
"dr9ddccj","EsMoE-N","default_requested","186","0.338","0.194","0.455","0.369","1.409","0.9323","0.8984","1"
"dr9ddccj","EsMoE-N","default_requested","187","0.338","0.194","0.456","0.369","1.403","0.9262","0.8971","1"
"dr9ddccj","EsMoE-N","default_requested","188","0.338","0.194","0.458","0.368","1.403","0.9286","0.8974","1"
"dr9ddccj","EsMoE-N","default_requested","189","0.338","0.194","0.458","0.368","1.408","0.931","0.8958","1"
"dr9ddccj","EsMoE-N","default_requested","190","0.338","0.194","0.456","0.369","1.407","0.9269","0.8978","1"
"dr9ddccj","EsMoE-N","default_requested","191","0.339","0.194","0.453","0.37","1.404","0.9253","0.8982","1"
"dr9ddccj","EsMoE-N","default_requested","192","0.338","0.194","0.459","0.366","1.399","0.9239","0.8978","1"
"dr9ddccj","EsMoE-N","default_requested","193","0.339","0.194","0.459","0.367","1.411","0.93","0.8965","1"
"dr9ddccj","EsMoE-N","default_requested","194","0.339","0.194","0.459","0.367","1.406","0.9246","0.8971","1"
"dr9ddccj","EsMoE-N","default_requested","195","0.339","0.194","0.459","0.368","1.401","0.921","0.8948","1"
"dr9ddccj","EsMoE-N","default_requested","196","0.339","0.194","0.459","0.367","1.404","0.9213","0.8947","1"
"dr9ddccj","EsMoE-N","default_requested","197","0.339","0.194","0.459","0.367","1.402","0.9245","0.8971","1"
"dr9ddccj","EsMoE-N","default_requested","198","0.339","0.194","0.459","0.367","1.402","0.9182","0.8938","1"
"dr9ddccj","EsMoE-N","default_requested","199","0.339","0.194","0.458","0.368","1.4","0.9189","0.8927","1"
"dr9ddccj","EsMoE-N","default_requested","200","0.339","0.194","0.456","0.369","1.398","0.9199","0.8947","1"
"dr9ddccj","EsMoE-N","default_requested","201","0.339","0.194","0.456","0.369","1.395","0.9172","0.8943","1"
"dr9ddccj","EsMoE-N","default_requested","202","0.339","0.194","0.457","0.367","1.39","0.9125","0.8934","1"
"dr9ddccj","EsMoE-N","default_requested","203","0.339","0.194","0.458","0.367","1.4","0.9159","0.8935","1"
"dr9ddccj","EsMoE-N","default_requested","204","0.339","0.194","0.458","0.367","1.397","0.9166","0.8949","1"
"dr9ddccj","EsMoE-N","default_requested","205","0.339","0.194","0.458","0.367","1.393","0.9134","0.8961","1"
"dr9ddccj","EsMoE-N","default_requested","206","0.339","0.194","0.459","0.367","1.395","0.9124","0.8924","1"
"dr9ddccj","EsMoE-N","default_requested","207","0.339","0.194","0.458","0.368","1.393","0.9087","0.8927","1"
"dr9ddccj","EsMoE-N","default_requested","208","0.339","0.194","0.459","0.368","1.39","0.9066","0.8939","1"
"dr9ddccj","EsMoE-N","default_requested","209","0.339","0.194","0.459","0.368","1.399","0.9132","0.8949","1"
"dr9ddccj","EsMoE-N","default_requested","210","0.339","0.194","0.457","0.369","1.391","0.9091","0.8925","1"
"dr9ddccj","EsMoE-N","default_requested","211","0.339","0.194","0.46","0.368","1.394","0.9064","0.8927","1"
"dr9ddccj","EsMoE-N","default_requested","212","0.339","0.194","0.459","0.369","1.386","0.9027","0.8932","1"
"dr9ddccj","EsMoE-N","default_requested","213","0.339","0.194","0.457","0.37","1.388","0.9082","0.8923","1"
"dr9ddccj","EsMoE-N","default_requested","214","0.339","0.194","0.459","0.37","1.384","0.9027","0.8906","1"
"dr9ddccj","EsMoE-N","default_requested","215","0.339","0.194","0.459","0.369","1.389","0.9051","0.8919","1"
"dr9ddccj","EsMoE-N","default_requested","216","0.339","0.195","0.459","0.369","1.388","0.9039","0.8934","1"
"dr9ddccj","EsMoE-N","default_requested","217","0.339","0.195","0.459","0.37","1.384","0.8978","0.8908","1"
"dr9ddccj","EsMoE-N","default_requested","218","0.339","0.195","0.459","0.37","1.384","0.8976","0.8899","1"
"dr9ddccj","EsMoE-N","default_requested","219","0.34","0.195","0.46","0.37","1.384","0.8993","0.8932","1"
"dr9ddccj","EsMoE-N","default_requested","220","0.34","0.195","0.46","0.37","1.382","0.8989","0.8898","1"
"dr9ddccj","EsMoE-N","default_requested","221","0.34","0.195","0.46","0.37","1.381","0.8947","0.8929","1"
"dr9ddccj","EsMoE-N","default_requested","222","0.34","0.195","0.46","0.37","1.385","0.8994","0.8913","1"
"dr9ddccj","EsMoE-N","default_requested","223","0.34","0.195","0.46","0.371","1.374","0.8925","0.8909","1"
"dr9ddccj","EsMoE-N","default_requested","224","0.34","0.195","0.46","0.371","1.38","0.8926","0.8899","1"
"dr9ddccj","EsMoE-N","default_requested","225","0.34","0.195","0.458","0.371","1.379","0.8902","0.8896","1"
"dr9ddccj","EsMoE-N","default_requested","226","0.34","0.195","0.459","0.371","1.377","0.888","0.8876","1"
"dr9ddccj","EsMoE-N","default_requested","227","0.34","0.195","0.459","0.371","1.375","0.8892","0.889","1"
"dr9ddccj","EsMoE-N","default_requested","228","0.34","0.195","0.46","0.372","1.381","0.8951","0.888","1"
"dr9ddccj","EsMoE-N","default_requested","229","0.34","0.195","0.461","0.371","1.375","0.8847","0.8893","1"
"dr9ddccj","EsMoE-N","default_requested","230","0.34","0.195","0.461","0.37","1.368","0.8847","0.8898","1"
"dr9ddccj","EsMoE-N","default_requested","231","0.34","0.195","0.462","0.37","1.384","0.889","0.8877","1"
"dr9ddccj","EsMoE-N","default_requested","232","0.34","0.195","0.461","0.37","1.375","0.8847","0.8893","1"
"dr9ddccj","EsMoE-N","default_requested","233","0.34","0.195","0.463","0.369","1.379","0.8878","0.8885","1"
"dr9ddccj","EsMoE-N","default_requested","234","0.34","0.195","0.461","0.369","1.374","0.8836","0.8876","1"
"dr9ddccj","EsMoE-N","default_requested","235","0.34","0.195","0.462","0.369","1.378","0.8867","0.8872","1"
"dr9ddccj","EsMoE-N","default_requested","236","0.34","0.195","0.462","0.369","1.369","0.8816","0.8888","1"
"dr9ddccj","EsMoE-N","default_requested","237","0.34","0.195","0.462","0.369","1.369","0.879","0.8883","1"
"dr9ddccj","EsMoE-N","default_requested","238","0.34","0.195","0.462","0.369","1.375","0.8862","0.8862","1"
"dr9ddccj","EsMoE-N","default_requested","239","0.34","0.195","0.462","0.369","1.376","0.8819","0.8888","1"
"dr9ddccj","EsMoE-N","default_requested","240","0.34","0.195","0.462","0.369","1.37","0.8797","0.8876","1"
"dr9ddccj","EsMoE-N","default_requested","241","0.34","0.195","0.462","0.369","1.37","0.8776","0.8864","1"
"dr9ddccj","EsMoE-N","default_requested","242","0.34","0.195","0.462","0.369","1.367","0.873","0.8854","1"
"dr9ddccj","EsMoE-N","default_requested","243","0.34","0.195","0.461","0.368","1.366","0.8746","0.8853","1"
"dr9ddccj","EsMoE-N","default_requested","244","0.34","0.195","0.461","0.368","1.367","0.8739","0.8874","1"
"dr9ddccj","EsMoE-N","default_requested","245","0.34","0.195","0.461","0.368","1.37","0.8743","0.8849","1"
"dr9ddccj","EsMoE-N","default_requested","246","0.34","0.195","0.462","0.368","1.363","0.8725","0.886","1"
"dr9ddccj","EsMoE-N","default_requested","247","0.34","0.195","0.463","0.367","1.367","0.8745","0.8865","1"
"dr9ddccj","EsMoE-N","default_requested","248","0.34","0.195","0.464","0.366","1.363","0.8696","0.8853","1"
"dr9ddccj","EsMoE-N","default_requested","249","0.34","0.195","0.465","0.366","1.361","0.8706","0.886","1"
"dr9ddccj","EsMoE-N","default_requested","250","0.34","0.195","0.466","0.366","1.363","0.8691","0.8865","1"
"dr9ddccj","EsMoE-N","default_requested","251","0.34","0.195","0.468","0.365","1.36","0.866","0.8858","1"
"dr9ddccj","EsMoE-N","default_requested","252","0.34","0.195","0.468","0.365","1.368","0.8708","0.8853","1"
"dr9ddccj","EsMoE-N","default_requested","253","0.34","0.195","0.468","0.365","1.36","0.8708","0.8848","1"
"dr9ddccj","EsMoE-N","default_requested","254","0.341","0.195","0.467","0.366","1.364","0.8695","0.8857","1"
"dr9ddccj","EsMoE-N","default_requested","255","0.341","0.195","0.468","0.366","1.358","0.8656","0.886","1"
"dr9ddccj","EsMoE-N","default_requested","256","0.341","0.195","0.467","0.367","1.359","0.8628","0.8845","1"
"dr9ddccj","EsMoE-N","default_requested","257","0.341","0.195","0.469","0.364","1.354","0.8613","0.8844","1"
"dr9ddccj","EsMoE-N","default_requested","258","0.341","0.195","0.468","0.366","1.354","0.8582","0.8837","1"
"dr9ddccj","EsMoE-N","default_requested","259","0.341","0.195","0.468","0.366","1.351","0.858","0.8837","1"
"dr9ddccj","EsMoE-N","default_requested","260","0.341","0.195","0.467","0.367","1.348","0.857","0.8848","1"
"dr9ddccj","EsMoE-N","default_requested","261","0.341","0.195","0.468","0.367","1.358","0.8623","0.8833","1"
"dr9ddccj","EsMoE-N","default_requested","262","0.341","0.195","0.466","0.367","1.355","0.8569","0.8823","1"
"dr9ddccj","EsMoE-N","default_requested","263","0.341","0.195","0.466","0.367","1.357","0.8587","0.8832","1"
"dr9ddccj","EsMoE-N","default_requested","264","0.341","0.195","0.466","0.367","1.353","0.8587","0.8847","1"
"dr9ddccj","EsMoE-N","default_requested","265","0.341","0.195","0.467","0.367","1.36","0.8594","0.882","1"
"dr9ddccj","EsMoE-N","default_requested","266","0.341","0.195","0.467","0.367","1.352","0.8551","0.8832","1"
"dr9ddccj","EsMoE-N","default_requested","267","0.341","0.195","0.468","0.366","1.347","0.8537","0.8828","1"
"dr9ddccj","EsMoE-N","default_requested","268","0.341","0.195","0.467","0.366","1.355","0.8539","0.8825","1"
"dr9ddccj","EsMoE-N","default_requested","269","0.341","0.195","0.467","0.366","1.342","0.8481","0.8811","1"
"dr9ddccj","EsMoE-N","default_requested","270","0.341","0.195","0.468","0.366","1.356","0.857","0.8828","1"
"dr9ddccj","EsMoE-N","default_requested","271","0.341","0.195","0.468","0.366","1.342","0.8478","0.8814","1"
"dr9ddccj","EsMoE-N","default_requested","272","0.341","0.195","0.468","0.366","1.352","0.853","0.8807","1"
"dr9ddccj","EsMoE-N","default_requested","273","0.341","0.196","0.468","0.366","1.342","0.8479","0.8822","1"
"dr9ddccj","EsMoE-N","default_requested","274","0.341","0.195","0.468","0.366","1.356","0.8541","0.8838","1"
"dr9ddccj","EsMoE-N","default_requested","275","0.341","0.196","0.468","0.365","1.345","0.8467","0.8826","1"
"dr9ddccj","EsMoE-N","default_requested","276","0.341","0.196","0.468","0.365","1.346","0.846","0.8807","1"
"dr9ddccj","EsMoE-N","default_requested","277","0.341","0.196","0.469","0.365","1.351","0.8494","0.882","1"
"dr9ddccj","EsMoE-N","default_requested","278","0.341","0.196","0.47","0.365","1.338","0.8424","0.8802","1"
"dr9ddccj","EsMoE-N","default_requested","279","0.341","0.196","0.47","0.365","1.345","0.8438","0.8811","1"
"dr9ddccj","EsMoE-N","default_requested","280","0.341","0.196","0.47","0.365","1.34","0.8428","0.8816","1"
"dr9ddccj","EsMoE-N","default_requested","281","0.341","0.196","0.472","0.364","1.336","0.841","0.8812","1"
"dr9ddccj","EsMoE-N","default_requested","282","0.341","0.196","0.472","0.364","1.341","0.8457","0.8805","1"
"dr9ddccj","EsMoE-N","default_requested","283","0.341","0.196","0.472","0.364","1.337","0.84","0.8792","1"
"dr9ddccj","EsMoE-N","default_requested","284","0.341","0.196","0.471","0.365","1.337","0.8398","0.8803","1"
"dr9ddccj","EsMoE-N","default_requested","285","0.341","0.196","0.471","0.365","1.335","0.8368","0.879","1"
"dr9ddccj","EsMoE-N","default_requested","286","0.341","0.196","0.472","0.365","1.34","0.84","0.8789","1"
"dr9ddccj","EsMoE-N","default_requested","287","0.341","0.196","0.472","0.365","1.343","0.8386","0.8787","1"
"dr9ddccj","EsMoE-N","default_requested","288","0.341","0.196","0.472","0.364","1.328","0.8329","0.8789","1"
"dr9ddccj","EsMoE-N","default_requested","289","0.341","0.196","0.472","0.364","1.334","0.832","0.877","1"
"dr9ddccj","EsMoE-N","default_requested","290","0.341","0.196","0.472","0.364","1.344","0.8393","0.8784","1"
"dr9ddccj","EsMoE-N","default_requested","291","0.341","0.195","0.472","0.365","1.302","0.8087","0.8828","1"
"dr9ddccj","EsMoE-N","default_requested","292","0.341","0.195","0.471","0.366","1.286","0.794","0.8788","1"
"dr9ddccj","EsMoE-N","default_requested","293","0.341","0.196","0.472","0.364","1.282","0.7867","0.8798","1"
"dr9ddccj","EsMoE-N","default_requested","294","0.341","0.196","0.473","0.365","1.281","0.7859","0.8798","1"
"dr9ddccj","EsMoE-N","default_requested","295","0.341","0.195","0.473","0.365","1.275","0.7809","0.8798","1"
"dr9ddccj","EsMoE-N","default_requested","296","0.341","0.196","0.471","0.365","1.278","0.7802","0.878","1"
"dr9ddccj","EsMoE-N","default_requested","297","0.341","0.196","0.473","0.364","1.274","0.7804","0.8789","1"
"dr9ddccj","EsMoE-N","default_requested","298","0.341","0.196","0.472","0.365","1.274","0.7771","0.8785","1"
"dr9ddccj","EsMoE-N","default_requested","299","0.341","0.196","0.473","0.364","1.273","0.7769","0.8776","1"
"dr9ddccj","EsMoE-N","default_requested","300","0.341","0.196","0.473","0.364","1.272","0.7768","0.8782","1"
"eyutrjs9","EsMoE-N","dense_requested","1","2.17E-07","1.14E-07","8.56E-06","0.000797","5.593","6.084","4.287","1.165"
"eyutrjs9","EsMoE-N","dense_requested","2","0.0175","0.00625","0.0307","0.0826","4.53","4.496","3.149","0.9988"
"eyutrjs9","EsMoE-N","dense_requested","3","0.0438","0.019","0.291","0.101","2.757","2.488","1.463","0.999"
"eyutrjs9","EsMoE-N","dense_requested","4","0.0726","0.0342","0.224","0.131","2.37","2.096","1.26","0.9998"
"eyutrjs9","EsMoE-N","dense_requested","5","0.0987","0.0484","0.2","0.16","2.185","1.866","1.174","0.9998"
"eyutrjs9","EsMoE-N","dense_requested","6","0.102","0.0501","0.184","0.178","2.057","1.723","1.132","1"
"eyutrjs9","EsMoE-N","dense_requested","7","0.133","0.0668","0.243","0.188","1.987","1.632","1.108","0.9999"
"eyutrjs9","EsMoE-N","dense_requested","8","0.146","0.0727","0.229","0.215","1.923","1.555","1.089","1"
"eyutrjs9","EsMoE-N","dense_requested","9","0.153","0.0771","0.239","0.214","1.874","1.498","1.072","1"
"eyutrjs9","EsMoE-N","dense_requested","10","0.156","0.0802","0.244","0.215","1.851","1.461","1.056","1"
"eyutrjs9","EsMoE-N","dense_requested","11","0.176","0.0919","0.316","0.224","1.827","1.433","1.049","1"
"eyutrjs9","EsMoE-N","dense_requested","12","0.182","0.0965","0.285","0.236","1.802","1.404","1.041","1"
"eyutrjs9","EsMoE-N","dense_requested","13","0.191","0.101","0.395","0.246","1.773","1.372","1.034","1"
"eyutrjs9","EsMoE-N","dense_requested","14","0.204","0.11","0.323","0.252","1.787","1.372","1.023","1"
"eyutrjs9","EsMoE-N","dense_requested","15","0.21","0.114","0.368","0.245","1.769","1.361","1.019","1"
"eyutrjs9","EsMoE-N","dense_requested","16","0.205","0.11","0.328","0.247","1.761","1.36","1.01","1"
"eyutrjs9","EsMoE-N","dense_requested","17","0.209","0.113","0.328","0.254","1.744","1.334","1.003","1"
"eyutrjs9","EsMoE-N","dense_requested","18","0.221","0.118","0.328","0.264","1.733","1.324","1.001","1"
"eyutrjs9","EsMoE-N","dense_requested","19","0.219","0.118","0.335","0.266","1.717","1.312","0.994","1"
"eyutrjs9","EsMoE-N","dense_requested","20","0.222","0.121","0.337","0.267","1.721","1.304","0.9931","1"
"eyutrjs9","EsMoE-N","dense_requested","21","0.231","0.124","0.349","0.266","1.705","1.277","0.9878","1"
"eyutrjs9","EsMoE-N","dense_requested","22","0.232","0.126","0.33","0.275","1.684","1.272","0.9865","1"
"eyutrjs9","EsMoE-N","dense_requested","23","0.231","0.125","0.352","0.273","1.686","1.268","0.9836","1"
"eyutrjs9","EsMoE-N","dense_requested","24","0.241","0.13","0.357","0.277","1.665","1.248","0.9821","1"
"eyutrjs9","EsMoE-N","dense_requested","25","0.246","0.135","0.366","0.284","1.667","1.247","0.9773","1"
"eyutrjs9","EsMoE-N","dense_requested","26","0.248","0.135","0.36","0.293","1.669","1.241","0.9736","1"
"eyutrjs9","EsMoE-N","dense_requested","27","0.245","0.134","0.373","0.28","1.656","1.232","0.9715","1"
"eyutrjs9","EsMoE-N","dense_requested","28","0.248","0.137","0.359","0.291","1.642","1.217","0.9706","1"
"eyutrjs9","EsMoE-N","dense_requested","29","0.255","0.137","0.366","0.294","1.646","1.216","0.9679","1"
"eyutrjs9","EsMoE-N","dense_requested","30","0.257","0.139","0.37","0.292","1.637","1.212","0.969","1"
"eyutrjs9","EsMoE-N","dense_requested","31","0.256","0.139","0.368","0.299","1.643","1.206","0.9659","1"
"eyutrjs9","EsMoE-N","dense_requested","32","0.263","0.144","0.391","0.293","1.632","1.197","0.9658","1"
"eyutrjs9","EsMoE-N","dense_requested","33","0.259","0.143","0.384","0.296","1.638","1.194","0.9617","1"
"eyutrjs9","EsMoE-N","dense_requested","34","0.263","0.144","0.384","0.295","1.625","1.189","0.9624","1"
"eyutrjs9","EsMoE-N","dense_requested","35","0.266","0.146","0.405","0.294","1.61","1.182","0.9629","1"
"eyutrjs9","EsMoE-N","dense_requested","36","0.268","0.147","0.386","0.305","1.607","1.178","0.9611","1"
"eyutrjs9","EsMoE-N","dense_requested","37","0.267","0.146","0.393","0.304","1.601","1.17","0.9577","1"
"eyutrjs9","EsMoE-N","dense_requested","38","0.272","0.15","0.4","0.312","1.601","1.166","0.9559","1"
"eyutrjs9","EsMoE-N","dense_requested","39","0.272","0.15","0.411","0.3","1.595","1.163","0.9584","1"
"eyutrjs9","EsMoE-N","dense_requested","40","0.271","0.15","0.398","0.304","1.592","1.159","0.957","1"
"eyutrjs9","EsMoE-N","dense_requested","41","0.277","0.153","0.392","0.31","1.585","1.151","0.9541","1"
"eyutrjs9","EsMoE-N","dense_requested","42","0.279","0.154","0.395","0.315","1.588","1.154","0.9536","1"
"eyutrjs9","EsMoE-N","dense_requested","43","0.277","0.153","0.394","0.31","1.593","1.153","0.9509","1"
"eyutrjs9","EsMoE-N","dense_requested","44","0.28","0.155","0.398","0.309","1.578","1.14","0.9513","1"
"eyutrjs9","EsMoE-N","dense_requested","45","0.28","0.155","0.391","0.313","1.568","1.132","0.9481","1"
"eyutrjs9","EsMoE-N","dense_requested","46","0.281","0.155","0.397","0.312","1.573","1.133","0.9492","1"
"eyutrjs9","EsMoE-N","dense_requested","47","0.283","0.157","0.39","0.321","1.571","1.132","0.9498","1"
"eyutrjs9","EsMoE-N","dense_requested","48","0.284","0.158","0.392","0.323","1.576","1.133","0.9476","1"
"eyutrjs9","EsMoE-N","dense_requested","49","0.29","0.161","0.411","0.321","1.557","1.12","0.9479","1"
"eyutrjs9","EsMoE-N","dense_requested","50","0.287","0.16","0.399","0.316","1.559","1.119","0.9465","1"
"eyutrjs9","EsMoE-N","dense_requested","51","0.289","0.16","0.411","0.321","1.564","1.122","0.9476","1"
"eyutrjs9","EsMoE-N","dense_requested","52","0.291","0.161","0.406","0.321","1.567","1.122","0.9462","1"
"eyutrjs9","EsMoE-N","dense_requested","53","0.291","0.163","0.414","0.32","1.552","1.109","0.9445","1"
"eyutrjs9","EsMoE-N","dense_requested","54","0.292","0.162","0.413","0.322","1.551","1.113","0.9446","1"
"eyutrjs9","EsMoE-N","dense_requested","55","0.293","0.162","0.403","0.331","1.549","1.106","0.9415","1"
"eyutrjs9","EsMoE-N","dense_requested","56","0.293","0.163","0.409","0.326","1.554","1.107","0.942","1"
"eyutrjs9","EsMoE-N","dense_requested","57","0.293","0.163","0.416","0.328","1.548","1.104","0.9429","1"
"eyutrjs9","EsMoE-N","dense_requested","58","0.296","0.164","0.418","0.328","1.546","1.096","0.9403","1"
"eyutrjs9","EsMoE-N","dense_requested","59","0.298","0.166","0.424","0.327","1.541","1.097","0.9407","1"
"eyutrjs9","EsMoE-N","dense_requested","60","0.3","0.169","0.435","0.325","1.535","1.093","0.9386","1"
"eyutrjs9","EsMoE-N","dense_requested","61","0.3","0.167","0.415","0.331","1.535","1.091","0.9404","1"
"eyutrjs9","EsMoE-N","dense_requested","62","0.302","0.168","0.413","0.337","1.53","1.086","0.9389","1"
"eyutrjs9","EsMoE-N","dense_requested","63","0.299","0.167","0.42","0.333","1.539","1.088","0.9391","1"
"eyutrjs9","EsMoE-N","dense_requested","64","0.3","0.168","0.425","0.331","1.533","1.083","0.9379","1"
"eyutrjs9","EsMoE-N","dense_requested","65","0.301","0.168","0.426","0.33","1.53","1.084","0.9387","1"
"eyutrjs9","EsMoE-N","dense_requested","66","0.302","0.169","0.418","0.33","1.536","1.086","0.9371","1"
"eyutrjs9","EsMoE-N","dense_requested","67","0.303","0.169","0.422","0.337","1.527","1.078","0.9354","1"
"eyutrjs9","EsMoE-N","dense_requested","68","0.304","0.17","0.435","0.335","1.524","1.074","0.9391","1"
"eyutrjs9","EsMoE-N","dense_requested","69","0.305","0.17","0.437","0.329","1.518","1.069","0.9362","1"
"eyutrjs9","EsMoE-N","dense_requested","70","0.308","0.173","0.43","0.335","1.512","1.061","0.9315","1"
"eyutrjs9","EsMoE-N","dense_requested","71","0.307","0.173","0.431","0.338","1.519","1.068","0.9346","1"
"eyutrjs9","EsMoE-N","dense_requested","72","0.309","0.174","0.43","0.338","1.513","1.065","0.9322","1"
"eyutrjs9","EsMoE-N","dense_requested","73","0.308","0.173","0.441","0.331","1.518","1.068","0.9323","1"
"eyutrjs9","EsMoE-N","dense_requested","74","0.309","0.174","0.437","0.337","1.51","1.064","0.9301","1"
"eyutrjs9","EsMoE-N","dense_requested","75","0.309","0.174","0.429","0.339","1.516","1.065","0.9321","1"
"eyutrjs9","EsMoE-N","dense_requested","76","0.311","0.174","0.435","0.338","1.523","1.068","0.9324","1"
"eyutrjs9","EsMoE-N","dense_requested","77","0.31","0.174","0.439","0.34","1.521","1.067","0.9293","1"
"eyutrjs9","EsMoE-N","dense_requested","78","0.313","0.176","0.433","0.343","1.506","1.058","0.9288","1"
"eyutrjs9","EsMoE-N","dense_requested","79","0.313","0.176","0.43","0.344","1.507","1.051","0.9309","1"
"eyutrjs9","EsMoE-N","dense_requested","80","0.314","0.176","0.431","0.345","1.504","1.054","0.9285","1"
"eyutrjs9","EsMoE-N","dense_requested","81","0.315","0.177","0.428","0.347","1.506","1.057","0.9296","1"
"eyutrjs9","EsMoE-N","dense_requested","82","0.314","0.177","0.43","0.346","1.51","1.055","0.9278","1"
"eyutrjs9","EsMoE-N","dense_requested","83","0.316","0.178","0.433","0.346","1.503","1.052","0.9286","1"
"eyutrjs9","EsMoE-N","dense_requested","84","0.314","0.177","0.429","0.342","1.497","1.047","0.9275","1"
"eyutrjs9","EsMoE-N","dense_requested","85","0.316","0.178","0.435","0.344","1.511","1.055","0.9256","1"
"eyutrjs9","EsMoE-N","dense_requested","86","0.316","0.178","0.44","0.344","1.496","1.04","0.925","1"
"eyutrjs9","EsMoE-N","dense_requested","87","0.319","0.18","0.439","0.349","1.497","1.045","0.926","1"
"eyutrjs9","EsMoE-N","dense_requested","88","0.319","0.181","0.437","0.351","1.489","1.039","0.9236","1"
"eyutrjs9","EsMoE-N","dense_requested","89","0.319","0.18","0.441","0.349","1.493","1.039","0.9261","1"
"eyutrjs9","EsMoE-N","dense_requested","90","0.319","0.179","0.439","0.347","1.501","1.045","0.9265","1"
"eyutrjs9","EsMoE-N","dense_requested","91","0.318","0.18","0.443","0.347","1.501","1.041","0.921","1"
"eyutrjs9","EsMoE-N","dense_requested","92","0.319","0.18","0.44","0.347","1.5","1.042","0.9228","1"
"eyutrjs9","EsMoE-N","dense_requested","93","0.32","0.179","0.433","0.355","1.504","1.045","0.9249","1"
"eyutrjs9","EsMoE-N","dense_requested","94","0.321","0.181","0.44","0.352","1.493","1.037","0.9205","1"
"eyutrjs9","EsMoE-N","dense_requested","95","0.322","0.182","0.446","0.351","1.493","1.038","0.9222","1"
"eyutrjs9","EsMoE-N","dense_requested","96","0.322","0.182","0.448","0.348","1.49","1.032","0.9216","1"
"eyutrjs9","EsMoE-N","dense_requested","97","0.322","0.182","0.454","0.348","1.49","1.032","0.9213","1"
"eyutrjs9","EsMoE-N","dense_requested","98","0.323","0.182","0.445","0.35","1.485","1.033","0.9214","1"
"eyutrjs9","EsMoE-N","dense_requested","99","0.323","0.183","0.454","0.349","1.491","1.029","0.9212","1"
"eyutrjs9","EsMoE-N","dense_requested","100","0.325","0.184","0.447","0.351","1.476","1.022","0.9195","1"
"eyutrjs9","EsMoE-N","dense_requested","101","0.325","0.185","0.444","0.353","1.493","1.031","0.9188","1"
"eyutrjs9","EsMoE-N","dense_requested","102","0.325","0.185","0.445","0.352","1.483","1.024","0.9197","1"
"eyutrjs9","EsMoE-N","dense_requested","103","0.327","0.186","0.446","0.354","1.486","1.026","0.92","1"
"eyutrjs9","EsMoE-N","dense_requested","104","0.327","0.187","0.453","0.349","1.488","1.028","0.9211","1"
"eyutrjs9","EsMoE-N","dense_requested","105","0.326","0.186","0.444","0.355","1.475","1.018","0.919","1"
"eyutrjs9","EsMoE-N","dense_requested","106","0.327","0.186","0.448","0.353","1.472","1.014","0.9177","1"
"eyutrjs9","EsMoE-N","dense_requested","107","0.328","0.186","0.455","0.352","1.483","1.024","0.917","1"
"eyutrjs9","EsMoE-N","dense_requested","108","0.328","0.186","0.456","0.351","1.481","1.02","0.9174","1"
"eyutrjs9","EsMoE-N","dense_requested","109","0.328","0.187","0.456","0.349","1.48","1.016","0.9157","1"
"eyutrjs9","EsMoE-N","dense_requested","110","0.328","0.187","0.45","0.357","1.47","1.016","0.9168","1"
"eyutrjs9","EsMoE-N","dense_requested","111","0.327","0.186","0.451","0.354","1.47","1.018","0.9196","1"
"eyutrjs9","EsMoE-N","dense_requested","112","0.327","0.185","0.451","0.353","1.48","1.019","0.9177","1"
"eyutrjs9","EsMoE-N","dense_requested","113","0.327","0.186","0.454","0.351","1.475","1.017","0.9157","1"
"eyutrjs9","EsMoE-N","dense_requested","114","0.328","0.186","0.453","0.352","1.473","1.012","0.9137","1"
"eyutrjs9","EsMoE-N","dense_requested","115","0.328","0.186","0.454","0.352","1.469","1.008","0.9159","1"
"eyutrjs9","EsMoE-N","dense_requested","116","0.328","0.186","0.452","0.353","1.464","1.005","0.9154","1"
"eyutrjs9","EsMoE-N","dense_requested","117","0.328","0.186","0.455","0.352","1.468","1.008","0.9138","1"
"eyutrjs9","EsMoE-N","dense_requested","118","0.328","0.186","0.451","0.356","1.475","1.009","0.9145","1"
"eyutrjs9","EsMoE-N","dense_requested","119","0.329","0.187","0.458","0.355","1.468","1.006","0.9139","1"
"eyutrjs9","EsMoE-N","dense_requested","120","0.33","0.187","0.458","0.356","1.47","1.003","0.9139","1"
"eyutrjs9","EsMoE-N","dense_requested","121","0.331","0.187","0.456","0.356","1.462","1","0.9135","1"
"eyutrjs9","EsMoE-N","dense_requested","122","0.331","0.188","0.454","0.358","1.468","1.006","0.9146","1"
"eyutrjs9","EsMoE-N","dense_requested","123","0.332","0.188","0.458","0.357","1.458","0.9964","0.9119","1"
"eyutrjs9","EsMoE-N","dense_requested","124","0.332","0.189","0.459","0.354","1.459","0.9994","0.9103","1"
"eyutrjs9","EsMoE-N","dense_requested","125","0.332","0.189","0.457","0.355","1.46","0.9987","0.9142","1"
"eyutrjs9","EsMoE-N","dense_requested","126","0.332","0.189","0.455","0.357","1.462","1.001","0.9123","1"
"eyutrjs9","EsMoE-N","dense_requested","127","0.332","0.189","0.454","0.358","1.459","0.9921","0.91","1"
"eyutrjs9","EsMoE-N","dense_requested","128","0.332","0.189","0.458","0.357","1.462","0.9939","0.91","1"
"eyutrjs9","EsMoE-N","dense_requested","129","0.333","0.189","0.453","0.36","1.462","0.9901","0.911","1"
"eyutrjs9","EsMoE-N","dense_requested","130","0.333","0.189","0.45","0.36","1.457","0.9915","0.9115","1"
"eyutrjs9","EsMoE-N","dense_requested","131","0.333","0.19","0.448","0.363","1.45","0.9874","0.909","1"
"eyutrjs9","EsMoE-N","dense_requested","132","0.333","0.19","0.449","0.361","1.455","0.9908","0.9103","1"
"eyutrjs9","EsMoE-N","dense_requested","133","0.334","0.19","0.446","0.362","1.454","0.9843","0.9085","1"
"eyutrjs9","EsMoE-N","dense_requested","134","0.334","0.19","0.446","0.361","1.453","0.9886","0.9108","1"
"eyutrjs9","EsMoE-N","dense_requested","135","0.334","0.19","0.442","0.364","1.452","0.9859","0.9074","1"
"eyutrjs9","EsMoE-N","dense_requested","136","0.334","0.19","0.443","0.365","1.445","0.9808","0.9076","1"
"eyutrjs9","EsMoE-N","dense_requested","137","0.334","0.19","0.442","0.365","1.447","0.9817","0.9082","1"
"eyutrjs9","EsMoE-N","dense_requested","138","0.335","0.191","0.437","0.369","1.445","0.9834","0.9076","1"
"eyutrjs9","EsMoE-N","dense_requested","139","0.335","0.191","0.442","0.367","1.449","0.9808","0.908","1"
"eyutrjs9","EsMoE-N","dense_requested","140","0.335","0.191","0.442","0.368","1.449","0.9793","0.9081","1"
"eyutrjs9","EsMoE-N","dense_requested","141","0.335","0.191","0.442","0.369","1.452","0.9821","0.9078","1"
"eyutrjs9","EsMoE-N","dense_requested","142","0.335","0.191","0.443","0.367","1.444","0.979","0.9085","1"
"eyutrjs9","EsMoE-N","dense_requested","143","0.336","0.191","0.444","0.367","1.446","0.9762","0.9068","1"
"eyutrjs9","EsMoE-N","dense_requested","144","0.336","0.191","0.447","0.366","1.446","0.9784","0.9063","1"
"eyutrjs9","EsMoE-N","dense_requested","145","0.336","0.192","0.449","0.365","1.442","0.9746","0.9068","1"
"eyutrjs9","EsMoE-N","dense_requested","146","0.336","0.192","0.449","0.367","1.44","0.974","0.9058","1"
"eyutrjs9","EsMoE-N","dense_requested","147","0.337","0.192","0.448","0.367","1.443","0.9736","0.9066","1"
"eyutrjs9","EsMoE-N","dense_requested","148","0.337","0.192","0.448","0.367","1.44","0.9703","0.9059","1"
"eyutrjs9","EsMoE-N","dense_requested","149","0.337","0.192","0.447","0.369","1.439","0.9694","0.9061","1"
"eyutrjs9","EsMoE-N","dense_requested","150","0.337","0.192","0.447","0.369","1.441","0.9675","0.9048","1"
"eyutrjs9","EsMoE-N","dense_requested","151","0.336","0.192","0.448","0.367","1.439","0.9714","0.9042","1"
"eyutrjs9","EsMoE-N","dense_requested","152","0.336","0.192","0.446","0.37","1.442","0.9666","0.904","1"
"eyutrjs9","EsMoE-N","dense_requested","153","0.337","0.192","0.45","0.368","1.432","0.962","0.9053","1"
"eyutrjs9","EsMoE-N","dense_requested","154","0.337","0.192","0.449","0.368","1.434","0.9661","0.9034","1"
"eyutrjs9","EsMoE-N","dense_requested","155","0.337","0.192","0.45","0.369","1.429","0.9617","0.9048","1"
"eyutrjs9","EsMoE-N","dense_requested","156","0.337","0.192","0.452","0.368","1.441","0.9643","0.9034","1"
"eyutrjs9","EsMoE-N","dense_requested","157","0.337","0.192","0.452","0.368","1.431","0.9575","0.9014","1"
"eyutrjs9","EsMoE-N","dense_requested","158","0.337","0.192","0.45","0.369","1.427","0.961","0.9031","1"
"eyutrjs9","EsMoE-N","dense_requested","159","0.337","0.192","0.449","0.369","1.432","0.9592","0.9039","1"
"eyutrjs9","EsMoE-N","dense_requested","160","0.337","0.192","0.448","0.37","1.427","0.9599","0.9034","1"
"eyutrjs9","EsMoE-N","dense_requested","161","0.337","0.192","0.452","0.367","1.432","0.9616","0.9019","1"
"eyutrjs9","EsMoE-N","dense_requested","162","0.337","0.193","0.451","0.368","1.428","0.9546","0.9021","1"
"eyutrjs9","EsMoE-N","dense_requested","163","0.337","0.193","0.451","0.369","1.432","0.958","0.9028","1"
"eyutrjs9","EsMoE-N","dense_requested","164","0.337","0.193","0.45","0.369","1.425","0.9522","0.9012","1"
"eyutrjs9","EsMoE-N","dense_requested","165","0.337","0.193","0.454","0.367","1.428","0.9512","0.9022","1"
"eyutrjs9","EsMoE-N","dense_requested","166","0.337","0.193","0.452","0.369","1.422","0.9521","0.9008","1"
"eyutrjs9","EsMoE-N","dense_requested","167","0.337","0.193","0.453","0.368","1.419","0.949","0.9027","1"
"eyutrjs9","EsMoE-N","dense_requested","168","0.338","0.193","0.456","0.367","1.43","0.9523","0.9008","1"
"eyutrjs9","EsMoE-N","dense_requested","169","0.338","0.193","0.455","0.368","1.429","0.9513","0.9004","1"
"eyutrjs9","EsMoE-N","dense_requested","170","0.338","0.193","0.454","0.368","1.41","0.9419","0.9008","1"
"eyutrjs9","EsMoE-N","dense_requested","171","0.338","0.193","0.457","0.367","1.424","0.9497","0.901","1"
"eyutrjs9","EsMoE-N","dense_requested","172","0.338","0.193","0.456","0.368","1.413","0.9449","0.9026","1"
"eyutrjs9","EsMoE-N","dense_requested","173","0.338","0.193","0.456","0.367","1.422","0.9461","0.8997","1"
"eyutrjs9","EsMoE-N","dense_requested","174","0.338","0.193","0.458","0.366","1.419","0.9431","0.9005","1"
"eyutrjs9","EsMoE-N","dense_requested","175","0.338","0.193","0.455","0.369","1.42","0.9438","0.9006","1"
"eyutrjs9","EsMoE-N","dense_requested","176","0.338","0.193","0.456","0.368","1.419","0.9455","0.8999","1"
"eyutrjs9","EsMoE-N","dense_requested","177","0.338","0.193","0.455","0.369","1.419","0.9406","0.8994","1"
"eyutrjs9","EsMoE-N","dense_requested","178","0.338","0.193","0.456","0.369","1.414","0.9382","0.8996","1"
"eyutrjs9","EsMoE-N","dense_requested","179","0.338","0.193","0.456","0.369","1.413","0.9401","0.8984","1"
"eyutrjs9","EsMoE-N","dense_requested","180","0.338","0.193","0.454","0.369","1.411","0.9366","0.8983","1"
"eyutrjs9","EsMoE-N","dense_requested","181","0.338","0.193","0.453","0.37","1.418","0.9402","0.8988","1"
"eyutrjs9","EsMoE-N","dense_requested","182","0.338","0.193","0.454","0.369","1.414","0.9383","0.8995","1"
"eyutrjs9","EsMoE-N","dense_requested","183","0.338","0.193","0.455","0.37","1.416","0.935","0.8982","1"
"eyutrjs9","EsMoE-N","dense_requested","184","0.339","0.194","0.455","0.369","1.411","0.9335","0.8983","1"
"eyutrjs9","EsMoE-N","dense_requested","185","0.339","0.194","0.456","0.369","1.412","0.9314","0.8973","1"
"eyutrjs9","EsMoE-N","dense_requested","186","0.338","0.194","0.455","0.369","1.409","0.9323","0.8984","1"
"eyutrjs9","EsMoE-N","dense_requested","187","0.338","0.194","0.456","0.369","1.403","0.9262","0.8971","1"
"eyutrjs9","EsMoE-N","dense_requested","188","0.338","0.194","0.458","0.368","1.403","0.9286","0.8974","1"
"eyutrjs9","EsMoE-N","dense_requested","189","0.338","0.194","0.458","0.368","1.408","0.931","0.8958","1"
"eyutrjs9","EsMoE-N","dense_requested","190","0.338","0.194","0.456","0.369","1.407","0.9269","0.8978","1"
"eyutrjs9","EsMoE-N","dense_requested","191","0.339","0.194","0.453","0.37","1.404","0.9253","0.8982","1"
"eyutrjs9","EsMoE-N","dense_requested","192","0.338","0.194","0.459","0.366","1.399","0.9239","0.8978","1"
"eyutrjs9","EsMoE-N","dense_requested","193","0.339","0.194","0.459","0.367","1.411","0.93","0.8965","1"
"eyutrjs9","EsMoE-N","dense_requested","194","0.339","0.194","0.459","0.367","1.406","0.9246","0.8971","1"
"eyutrjs9","EsMoE-N","dense_requested","195","0.339","0.194","0.459","0.368","1.401","0.921","0.8948","1"
"eyutrjs9","EsMoE-N","dense_requested","196","0.339","0.194","0.459","0.367","1.404","0.9213","0.8947","1"
"eyutrjs9","EsMoE-N","dense_requested","197","0.339","0.194","0.459","0.367","1.402","0.9245","0.8971","1"
"eyutrjs9","EsMoE-N","dense_requested","198","0.339","0.194","0.459","0.367","1.402","0.9182","0.8938","1"
"eyutrjs9","EsMoE-N","dense_requested","199","0.339","0.194","0.458","0.368","1.4","0.9189","0.8927","1"
"eyutrjs9","EsMoE-N","dense_requested","200","0.339","0.194","0.456","0.369","1.398","0.9199","0.8947","1"
"eyutrjs9","EsMoE-N","dense_requested","201","0.339","0.194","0.456","0.369","1.395","0.9172","0.8943","1"
"eyutrjs9","EsMoE-N","dense_requested","202","0.339","0.194","0.457","0.367","1.39","0.9125","0.8934","1"
"eyutrjs9","EsMoE-N","dense_requested","203","0.339","0.194","0.458","0.367","1.4","0.9159","0.8935","1"
"eyutrjs9","EsMoE-N","dense_requested","204","0.339","0.194","0.458","0.367","1.397","0.9166","0.8949","1"
"eyutrjs9","EsMoE-N","dense_requested","205","0.339","0.194","0.458","0.367","1.393","0.9134","0.8961","1"
"eyutrjs9","EsMoE-N","dense_requested","206","0.339","0.194","0.459","0.367","1.395","0.9124","0.8924","1"
"eyutrjs9","EsMoE-N","dense_requested","207","0.339","0.194","0.458","0.368","1.393","0.9087","0.8927","1"
"eyutrjs9","EsMoE-N","dense_requested","208","0.339","0.194","0.459","0.368","1.39","0.9066","0.8939","1"
"eyutrjs9","EsMoE-N","dense_requested","209","0.339","0.194","0.459","0.368","1.399","0.9132","0.8949","1"
"eyutrjs9","EsMoE-N","dense_requested","210","0.339","0.194","0.457","0.369","1.391","0.9091","0.8925","1"
"eyutrjs9","EsMoE-N","dense_requested","211","0.339","0.194","0.46","0.368","1.394","0.9064","0.8927","1"
"eyutrjs9","EsMoE-N","dense_requested","212","0.339","0.194","0.459","0.369","1.386","0.9027","0.8932","1"
"eyutrjs9","EsMoE-N","dense_requested","213","0.339","0.194","0.457","0.37","1.388","0.9082","0.8923","1"
"eyutrjs9","EsMoE-N","dense_requested","214","0.339","0.194","0.459","0.37","1.384","0.9027","0.8906","1"
"eyutrjs9","EsMoE-N","dense_requested","215","0.339","0.194","0.459","0.369","1.389","0.9051","0.8919","1"
"eyutrjs9","EsMoE-N","dense_requested","216","0.339","0.195","0.459","0.369","1.388","0.9039","0.8934","1"
"eyutrjs9","EsMoE-N","dense_requested","217","0.339","0.195","0.459","0.37","1.384","0.8978","0.8908","1"
"eyutrjs9","EsMoE-N","dense_requested","218","0.339","0.195","0.459","0.37","1.384","0.8976","0.8899","1"
"eyutrjs9","EsMoE-N","dense_requested","219","0.34","0.195","0.46","0.37","1.384","0.8993","0.8932","1"
"eyutrjs9","EsMoE-N","dense_requested","220","0.34","0.195","0.46","0.37","1.382","0.8989","0.8898","1"
"eyutrjs9","EsMoE-N","dense_requested","221","0.34","0.195","0.46","0.37","1.381","0.8947","0.8929","1"
"eyutrjs9","EsMoE-N","dense_requested","222","0.34","0.195","0.46","0.37","1.385","0.8994","0.8913","1"
"eyutrjs9","EsMoE-N","dense_requested","223","0.34","0.195","0.46","0.371","1.374","0.8925","0.8909","1"
"eyutrjs9","EsMoE-N","dense_requested","224","0.34","0.195","0.46","0.371","1.38","0.8926","0.8899","1"
"eyutrjs9","EsMoE-N","dense_requested","225","0.34","0.195","0.458","0.371","1.379","0.8902","0.8896","1"
"eyutrjs9","EsMoE-N","dense_requested","226","0.34","0.195","0.459","0.371","1.377","0.888","0.8876","1"
"eyutrjs9","EsMoE-N","dense_requested","227","0.34","0.195","0.459","0.371","1.375","0.8892","0.889","1"
"eyutrjs9","EsMoE-N","dense_requested","228","0.34","0.195","0.46","0.372","1.381","0.8951","0.888","1"
"eyutrjs9","EsMoE-N","dense_requested","229","0.34","0.195","0.461","0.371","1.375","0.8847","0.8893","1"
"eyutrjs9","EsMoE-N","dense_requested","230","0.34","0.195","0.461","0.37","1.368","0.8847","0.8898","1"
"eyutrjs9","EsMoE-N","dense_requested","231","0.34","0.195","0.462","0.37","1.384","0.889","0.8877","1"
"eyutrjs9","EsMoE-N","dense_requested","232","0.34","0.195","0.461","0.37","1.375","0.8847","0.8893","1"
"eyutrjs9","EsMoE-N","dense_requested","233","0.34","0.195","0.463","0.369","1.379","0.8878","0.8885","1"
"eyutrjs9","EsMoE-N","dense_requested","234","0.34","0.195","0.461","0.369","1.374","0.8836","0.8876","1"
"eyutrjs9","EsMoE-N","dense_requested","235","0.34","0.195","0.462","0.369","1.378","0.8867","0.8872","1"
"eyutrjs9","EsMoE-N","dense_requested","236","0.34","0.195","0.462","0.369","1.369","0.8816","0.8888","1"
"eyutrjs9","EsMoE-N","dense_requested","237","0.34","0.195","0.462","0.369","1.369","0.879","0.8883","1"
"eyutrjs9","EsMoE-N","dense_requested","238","0.34","0.195","0.462","0.369","1.375","0.8862","0.8862","1"
"eyutrjs9","EsMoE-N","dense_requested","239","0.34","0.195","0.462","0.369","1.376","0.8819","0.8888","1"
"eyutrjs9","EsMoE-N","dense_requested","240","0.34","0.195","0.462","0.369","1.37","0.8797","0.8876","1"
"eyutrjs9","EsMoE-N","dense_requested","241","0.34","0.195","0.462","0.369","1.37","0.8776","0.8864","1"
"eyutrjs9","EsMoE-N","dense_requested","242","0.34","0.195","0.462","0.369","1.367","0.873","0.8854","1"
"eyutrjs9","EsMoE-N","dense_requested","243","0.34","0.195","0.461","0.368","1.366","0.8746","0.8853","1"
"eyutrjs9","EsMoE-N","dense_requested","244","0.34","0.195","0.461","0.368","1.367","0.8739","0.8874","1"
"eyutrjs9","EsMoE-N","dense_requested","245","0.34","0.195","0.461","0.368","1.37","0.8743","0.8849","1"
"eyutrjs9","EsMoE-N","dense_requested","246","0.34","0.195","0.462","0.368","1.363","0.8725","0.886","1"
"eyutrjs9","EsMoE-N","dense_requested","247","0.34","0.195","0.463","0.367","1.367","0.8745","0.8865","1"
"eyutrjs9","EsMoE-N","dense_requested","248","0.34","0.195","0.464","0.366","1.363","0.8696","0.8853","1"
"eyutrjs9","EsMoE-N","dense_requested","249","0.34","0.195","0.465","0.366","1.361","0.8706","0.886","1"
"eyutrjs9","EsMoE-N","dense_requested","250","0.34","0.195","0.466","0.366","1.363","0.8691","0.8865","1"
"eyutrjs9","EsMoE-N","dense_requested","251","0.34","0.195","0.468","0.365","1.36","0.866","0.8858","1"
"eyutrjs9","EsMoE-N","dense_requested","252","0.34","0.195","0.468","0.365","1.368","0.8708","0.8853","1"
"eyutrjs9","EsMoE-N","dense_requested","253","0.34","0.195","0.468","0.365","1.36","0.8708","0.8848","1"
"eyutrjs9","EsMoE-N","dense_requested","254","0.341","0.195","0.467","0.366","1.364","0.8695","0.8857","1"
"eyutrjs9","EsMoE-N","dense_requested","255","0.341","0.195","0.468","0.366","1.358","0.8656","0.886","1"
"eyutrjs9","EsMoE-N","dense_requested","256","0.341","0.195","0.467","0.367","1.359","0.8628","0.8845","1"
"eyutrjs9","EsMoE-N","dense_requested","257","0.341","0.195","0.469","0.364","1.354","0.8613","0.8844","1"
"eyutrjs9","EsMoE-N","dense_requested","258","0.341","0.195","0.468","0.366","1.354","0.8582","0.8837","1"
"eyutrjs9","EsMoE-N","dense_requested","259","0.341","0.195","0.468","0.366","1.351","0.858","0.8837","1"
"eyutrjs9","EsMoE-N","dense_requested","260","0.341","0.195","0.467","0.367","1.348","0.857","0.8848","1"
"eyutrjs9","EsMoE-N","dense_requested","261","0.341","0.195","0.468","0.367","1.358","0.8623","0.8833","1"
"eyutrjs9","EsMoE-N","dense_requested","262","0.341","0.195","0.466","0.367","1.355","0.8569","0.8823","1"
"eyutrjs9","EsMoE-N","dense_requested","263","0.341","0.195","0.466","0.367","1.357","0.8587","0.8832","1"
"eyutrjs9","EsMoE-N","dense_requested","264","0.341","0.195","0.466","0.367","1.353","0.8587","0.8847","1"
"eyutrjs9","EsMoE-N","dense_requested","265","0.341","0.195","0.467","0.367","1.36","0.8594","0.882","1"
"eyutrjs9","EsMoE-N","dense_requested","266","0.341","0.195","0.467","0.367","1.352","0.8551","0.8832","1"
"eyutrjs9","EsMoE-N","dense_requested","267","0.341","0.195","0.468","0.366","1.347","0.8537","0.8828","1"
"eyutrjs9","EsMoE-N","dense_requested","268","0.341","0.195","0.467","0.366","1.355","0.8539","0.8825","1"
"eyutrjs9","EsMoE-N","dense_requested","269","0.341","0.195","0.467","0.366","1.342","0.8481","0.8811","1"
"eyutrjs9","EsMoE-N","dense_requested","270","0.341","0.195","0.468","0.366","1.356","0.857","0.8828","1"
"eyutrjs9","EsMoE-N","dense_requested","271","0.341","0.195","0.468","0.366","1.342","0.8478","0.8814","1"
"eyutrjs9","EsMoE-N","dense_requested","272","0.341","0.195","0.468","0.366","1.352","0.853","0.8807","1"
"eyutrjs9","EsMoE-N","dense_requested","273","0.341","0.196","0.468","0.366","1.342","0.8479","0.8822","1"
"eyutrjs9","EsMoE-N","dense_requested","274","0.341","0.195","0.468","0.366","1.356","0.8541","0.8838","1"
"eyutrjs9","EsMoE-N","dense_requested","275","0.341","0.196","0.468","0.365","1.345","0.8467","0.8826","1"
"eyutrjs9","EsMoE-N","dense_requested","276","0.341","0.196","0.468","0.365","1.346","0.846","0.8807","1"
"eyutrjs9","EsMoE-N","dense_requested","277","0.341","0.196","0.469","0.365","1.351","0.8494","0.882","1"
"eyutrjs9","EsMoE-N","dense_requested","278","0.341","0.196","0.47","0.365","1.338","0.8424","0.8802","1"
"eyutrjs9","EsMoE-N","dense_requested","279","0.341","0.196","0.47","0.365","1.345","0.8438","0.8811","1"
"eyutrjs9","EsMoE-N","dense_requested","280","0.341","0.196","0.47","0.365","1.34","0.8428","0.8816","1"
"eyutrjs9","EsMoE-N","dense_requested","281","0.341","0.196","0.472","0.364","1.336","0.841","0.8812","1"
"eyutrjs9","EsMoE-N","dense_requested","282","0.341","0.196","0.472","0.364","1.341","0.8457","0.8805","1"
"eyutrjs9","EsMoE-N","dense_requested","283","0.341","0.196","0.472","0.364","1.337","0.84","0.8792","1"
"eyutrjs9","EsMoE-N","dense_requested","284","0.341","0.196","0.471","0.365","1.337","0.8398","0.8803","1"
"eyutrjs9","EsMoE-N","dense_requested","285","0.341","0.196","0.471","0.365","1.335","0.8368","0.879","1"
"eyutrjs9","EsMoE-N","dense_requested","286","0.341","0.196","0.472","0.365","1.34","0.84","0.8789","1"
"eyutrjs9","EsMoE-N","dense_requested","287","0.341","0.196","0.472","0.365","1.343","0.8386","0.8787","1"
"eyutrjs9","EsMoE-N","dense_requested","288","0.341","0.196","0.472","0.364","1.328","0.8329","0.8789","1"
"eyutrjs9","EsMoE-N","dense_requested","289","0.341","0.196","0.472","0.364","1.334","0.832","0.877","1"
"eyutrjs9","EsMoE-N","dense_requested","290","0.341","0.196","0.472","0.364","1.344","0.8393","0.8784","1"
"eyutrjs9","EsMoE-N","dense_requested","291","0.341","0.195","0.472","0.365","1.302","0.8087","0.8828","1"
"eyutrjs9","EsMoE-N","dense_requested","292","0.341","0.195","0.471","0.366","1.286","0.794","0.8788","1"
"eyutrjs9","EsMoE-N","dense_requested","293","0.341","0.196","0.472","0.364","1.282","0.7867","0.8798","1"
"eyutrjs9","EsMoE-N","dense_requested","294","0.341","0.196","0.473","0.365","1.281","0.7859","0.8798","1"
"eyutrjs9","EsMoE-N","dense_requested","295","0.341","0.195","0.473","0.365","1.275","0.7809","0.8798","1"
"eyutrjs9","EsMoE-N","dense_requested","296","0.341","0.196","0.471","0.365","1.278","0.7802","0.878","1"
"eyutrjs9","EsMoE-N","dense_requested","297","0.341","0.196","0.473","0.364","1.274","0.7804","0.8789","1"
"eyutrjs9","EsMoE-N","dense_requested","298","0.341","0.196","0.472","0.365","1.274","0.7771","0.8785","1"
"eyutrjs9","EsMoE-N","dense_requested","299","0.341","0.196","0.473","0.364","1.273","0.7769","0.8776","1"
"eyutrjs9","EsMoE-N","dense_requested","300","0.341","0.196","0.473","0.364","1.272","0.7768","0.8782","1"
