dataset,model,evaluation,epoch,mAP50,mAP50-95,precision,recall,box_loss,cls_loss,moe_loss,wandb_url
VisDrone,v0.1-N,standard,1,1e-05,0,8e-05,0.00076,5.5262,5.92685,1.34461,https://wandb.ai/lwb060819-guangdong-university-of-technology/yolo-master-reproduce-rtx5070
VisDrone,v0.1-N,standard,2,0.02111,0.00796,0.25482,0.06988,4.18914,4.10099,1.00143,https://wandb.ai/lwb060819-guangdong-university-of-technology/yolo-master-reproduce-rtx5070
VisDrone,v0.1-N,standard,3,0.0492,0.02142,0.16854,0.13311,2.71117,2.3937,0.99666,https://wandb.ai/lwb060819-guangdong-university-of-technology/yolo-master-reproduce-rtx5070
VisDrone,v0.1-N,standard,4,0.06962,0.03246,0.14421,0.13817,2.34865,2.05351,0.99745,https://wandb.ai/lwb060819-guangdong-university-of-technology/yolo-master-reproduce-rtx5070
VisDrone,v0.1-N,standard,5,0.07785,0.03721,0.14219,0.14052,2.18056,1.85952,0.99575,https://wandb.ai/lwb060819-guangdong-university-of-technology/yolo-master-reproduce-rtx5070
VisDrone,v0.1-N,standard,6,0.11306,0.05466,0.20076,0.16633,2.07969,1.74175,0.99715,https://wandb.ai/lwb060819-guangdong-university-of-technology/yolo-master-reproduce-rtx5070
VisDrone,v0.1-N,standard,7,0.12799,0.06161,0.21341,0.18145,1.99893,1.64477,0.99635,https://wandb.ai/lwb060819-guangdong-university-of-technology/yolo-master-reproduce-rtx5070
VisDrone,v0.1-N,standard,8,0.12727,0.06565,0.2326,0.19735,1.95576,1.58481,0.9964,https://wandb.ai/lwb060819-guangdong-university-of-technology/yolo-master-reproduce-rtx5070
VisDrone,v0.1-N,standard,9,0.14274,0.07439,0.22404,0.21278,1.89956,1.53387,0.99591,https://wandb.ai/lwb060819-guangdong-university-of-technology/yolo-master-reproduce-rtx5070
VisDrone,v0.1-N,standard,10,0.14786,0.07508,0.24075,0.21305,1.87334,1.50137,0.9971,https://wandb.ai/lwb060819-guangdong-university-of-technology/yolo-master-reproduce-rtx5070
VisDrone,v0.1-N,standard,11,0.16436,0.08418,0.26349,0.22438,1.83705,1.46077,0.99705,https://wandb.ai/lwb060819-guangdong-university-of-technology/yolo-master-reproduce-rtx5070
VisDrone,v0.1-N,standard,12,0.17831,0.09206,0.27021,0.24065,1.82479,1.43941,0.99611,https://wandb.ai/lwb060819-guangdong-university-of-technology/yolo-master-reproduce-rtx5070
VisDrone,v0.1-N,standard,13,0.17849,0.09361,0.38898,0.22857,1.79528,1.40273,0.9961,https://wandb.ai/lwb060819-guangdong-university-of-technology/yolo-master-reproduce-rtx5070
VisDrone,v0.1-N,standard,14,0.18615,0.09677,0.28243,0.23573,1.79412,1.39643,0.9962,https://wandb.ai/lwb060819-guangdong-university-of-technology/yolo-master-reproduce-rtx5070
VisDrone,v0.1-N,standard,15,0.18461,0.09458,0.32139,0.23245,1.7719,1.36945,0.99618,https://wandb.ai/lwb060819-guangdong-university-of-technology/yolo-master-reproduce-rtx5070
VisDrone,v0.1-N,standard,16,0.2068,0.10883,0.32239,0.2493,1.76135,1.36146,0.99687,https://wandb.ai/lwb060819-guangdong-university-of-technology/yolo-master-reproduce-rtx5070
VisDrone,v0.1-N,standard,17,0.20863,0.10883,0.3524,0.2507,1.76832,1.35979,0.99702,https://wandb.ai/lwb060819-guangdong-university-of-technology/yolo-master-reproduce-rtx5070
VisDrone,v0.1-N,standard,18,0.20892,0.11169,0.32506,0.25523,1.76034,1.35676,0.99706,https://wandb.ai/lwb060819-guangdong-university-of-technology/yolo-master-reproduce-rtx5070
VisDrone,v0.1-N,standard,19,0.2035,0.10848,0.31857,0.25803,1.74562,1.33821,0.99731,https://wandb.ai/lwb060819-guangdong-university-of-technology/yolo-master-reproduce-rtx5070
VisDrone,v0.1-N,standard,20,0.22565,0.1214,0.34316,0.26709,1.73316,1.32805,0.99707,https://wandb.ai/lwb060819-guangdong-university-of-technology/yolo-master-reproduce-rtx5070
VisDrone,v0.1-N,standard,21,0.22129,0.11959,0.34303,0.27404,1.73833,1.32213,0.99713,https://wandb.ai/lwb060819-guangdong-university-of-technology/yolo-master-reproduce-rtx5070
VisDrone,v0.1-N,standard,22,0.23306,0.12671,0.34366,0.28203,1.73178,1.31792,0.9986,https://wandb.ai/lwb060819-guangdong-university-of-technology/yolo-master-reproduce-rtx5070
VisDrone,v0.1-N,standard,23,0.2308,0.124,0.34154,0.27568,1.70851,1.29664,0.99751,https://wandb.ai/lwb060819-guangdong-university-of-technology/yolo-master-reproduce-rtx5070
VisDrone,v0.1-N,standard,24,0.23983,0.12811,0.37357,0.2737,1.69082,1.27953,0.99789,https://wandb.ai/lwb060819-guangdong-university-of-technology/yolo-master-reproduce-rtx5070
VisDrone,v0.1-N,standard,25,0.23177,0.1255,0.34933,0.27704,1.69893,1.28371,0.99903,https://wandb.ai/lwb060819-guangdong-university-of-technology/yolo-master-reproduce-rtx5070
VisDrone,v0.1-N,standard,26,0.2398,0.12968,0.35115,0.28327,1.68438,1.27509,0.99762,https://wandb.ai/lwb060819-guangdong-university-of-technology/yolo-master-reproduce-rtx5070
VisDrone,v0.1-N,standard,27,0.24559,0.13423,0.36167,0.28456,1.67773,1.26416,0.99878,https://wandb.ai/lwb060819-guangdong-university-of-technology/yolo-master-reproduce-rtx5070
VisDrone,v0.1-N,standard,28,0.24594,0.13404,0.36339,0.28696,1.66749,1.25166,0.9983,https://wandb.ai/lwb060819-guangdong-university-of-technology/yolo-master-reproduce-rtx5070
VisDrone,v0.1-N,standard,29,0.25059,0.13541,0.36939,0.29596,1.65812,1.23822,0.99919,https://wandb.ai/lwb060819-guangdong-university-of-technology/yolo-master-reproduce-rtx5070
VisDrone,v0.1-N,standard,30,0.25513,0.13802,0.37428,0.29131,1.65696,1.23199,0.99839,https://wandb.ai/lwb060819-guangdong-university-of-technology/yolo-master-reproduce-rtx5070
VisDrone,v0.1-N,standard,31,0.25222,0.1361,0.36086,0.29371,1.64772,1.22585,0.99906,https://wandb.ai/lwb060819-guangdong-university-of-technology/yolo-master-reproduce-rtx5070
VisDrone,v0.1-N,standard,32,0.25412,0.13874,0.36656,0.29867,1.64551,1.22151,0.99891,https://wandb.ai/lwb060819-guangdong-university-of-technology/yolo-master-reproduce-rtx5070
VisDrone,v0.1-N,standard,33,0.25594,0.14065,0.3826,0.2943,1.6379,1.21041,0.99855,https://wandb.ai/lwb060819-guangdong-university-of-technology/yolo-master-reproduce-rtx5070
VisDrone,v0.1-N,standard,34,0.25871,0.14131,0.36414,0.29616,1.62562,1.2064,0.99901,https://wandb.ai/lwb060819-guangdong-university-of-technology/yolo-master-reproduce-rtx5070
VisDrone,v0.1-N,standard,35,0.25533,0.14018,0.37829,0.29799,1.62388,1.19787,0.99947,https://wandb.ai/lwb060819-guangdong-university-of-technology/yolo-master-reproduce-rtx5070
VisDrone,v0.1-N,standard,36,0.26738,0.14716,0.39062,0.30256,1.62195,1.19488,0.9993,https://wandb.ai/lwb060819-guangdong-university-of-technology/yolo-master-reproduce-rtx5070
VisDrone,v0.1-N,standard,37,0.26504,0.14588,0.40519,0.29372,1.61223,1.18967,0.9994,https://wandb.ai/lwb060819-guangdong-university-of-technology/yolo-master-reproduce-rtx5070
VisDrone,v0.1-N,standard,38,0.26549,0.14584,0.38231,0.30541,1.62717,1.18925,0.99904,https://wandb.ai/lwb060819-guangdong-university-of-technology/yolo-master-reproduce-rtx5070
VisDrone,v0.1-N,standard,39,0.26963,0.14756,0.39318,0.30596,1.61102,1.18389,0.99937,https://wandb.ai/lwb060819-guangdong-university-of-technology/yolo-master-reproduce-rtx5070
VisDrone,v0.1-N,standard,40,0.26795,0.14652,0.39266,0.30398,1.60272,1.17187,0.99971,https://wandb.ai/lwb060819-guangdong-university-of-technology/yolo-master-reproduce-rtx5070
VisDrone,v0.1-N,standard,41,0.27241,0.14964,0.38585,0.30756,1.59765,1.16643,0.99918,https://wandb.ai/lwb060819-guangdong-university-of-technology/yolo-master-reproduce-rtx5070
VisDrone,v0.1-N,standard,42,0.27577,0.15269,0.37922,0.31266,1.59881,1.16796,0.99964,https://wandb.ai/lwb060819-guangdong-university-of-technology/yolo-master-reproduce-rtx5070
VisDrone,v0.1-N,standard,43,0.27533,0.15211,0.3948,0.30511,1.59103,1.16048,0.99905,https://wandb.ai/lwb060819-guangdong-university-of-technology/yolo-master-reproduce-rtx5070
VisDrone,v0.1-N,standard,44,0.28048,0.15455,0.39761,0.31198,1.58303,1.15161,0.99999,https://wandb.ai/lwb060819-guangdong-university-of-technology/yolo-master-reproduce-rtx5070
VisDrone,v0.1-N,standard,45,0.27983,0.15436,0.40052,0.31272,1.58147,1.14837,0.99965,https://wandb.ai/lwb060819-guangdong-university-of-technology/yolo-master-reproduce-rtx5070
VisDrone,v0.1-N,standard,46,0.27875,0.15338,0.39497,0.31469,1.57867,1.14669,0.99939,https://wandb.ai/lwb060819-guangdong-university-of-technology/yolo-master-reproduce-rtx5070
VisDrone,v0.1-N,standard,47,0.28313,0.15589,0.4006,0.31475,1.58158,1.14094,0.99945,https://wandb.ai/lwb060819-guangdong-university-of-technology/yolo-master-reproduce-rtx5070
VisDrone,v0.1-N,standard,48,0.28073,0.1547,0.39489,0.31289,1.57137,1.13581,0.9998,https://wandb.ai/lwb060819-guangdong-university-of-technology/yolo-master-reproduce-rtx5070
VisDrone,v0.1-N,standard,49,0.28432,0.15699,0.4092,0.31426,1.57542,1.13505,0.99992,https://wandb.ai/lwb060819-guangdong-university-of-technology/yolo-master-reproduce-rtx5070
VisDrone,v0.1-N,standard,50,0.28805,0.1601,0.40492,0.32387,1.57663,1.1318,1.00005,https://wandb.ai/lwb060819-guangdong-university-of-technology/yolo-master-reproduce-rtx5070
VisDrone,v0.1-N,standard,51,0.28536,0.15836,0.3971,0.32265,1.559,1.12731,0.99929,https://wandb.ai/lwb060819-guangdong-university-of-technology/yolo-master-reproduce-rtx5070
VisDrone,v0.1-N,standard,52,0.28609,0.15847,0.4083,0.31861,1.56486,1.12404,0.9999,https://wandb.ai/lwb060819-guangdong-university-of-technology/yolo-master-reproduce-rtx5070
VisDrone,v0.1-N,standard,53,0.28753,0.15805,0.40689,0.31427,1.55749,1.11979,0.99972,https://wandb.ai/lwb060819-guangdong-university-of-technology/yolo-master-reproduce-rtx5070
VisDrone,v0.1-N,standard,54,0.28855,0.16112,0.4035,0.31639,1.54862,1.11106,0.99944,https://wandb.ai/lwb060819-guangdong-university-of-technology/yolo-master-reproduce-rtx5070
VisDrone,v0.1-N,standard,55,0.29098,0.16211,0.4128,0.32001,1.55174,1.10963,1.00022,https://wandb.ai/lwb060819-guangdong-university-of-technology/yolo-master-reproduce-rtx5070
VisDrone,v0.1-N,standard,56,0.28688,0.15877,0.40618,0.31758,1.55539,1.10908,0.99973,https://wandb.ai/lwb060819-guangdong-university-of-technology/yolo-master-reproduce-rtx5070
VisDrone,v0.1-N,standard,57,0.29573,0.16498,0.42508,0.32176,1.54539,1.10201,0.99964,https://wandb.ai/lwb060819-guangdong-university-of-technology/yolo-master-reproduce-rtx5070
VisDrone,v0.1-N,standard,58,0.29619,0.16449,0.40728,0.32736,1.5422,1.09946,1.00019,https://wandb.ai/lwb060819-guangdong-university-of-technology/yolo-master-reproduce-rtx5070
VisDrone,v0.1-N,standard,59,0.29527,0.16444,0.40586,0.32769,1.53689,1.0958,0.99927,https://wandb.ai/lwb060819-guangdong-university-of-technology/yolo-master-reproduce-rtx5070
VisDrone,v0.1-N,standard,60,0.2917,0.16319,0.41236,0.32221,1.53391,1.08794,1.00007,https://wandb.ai/lwb060819-guangdong-university-of-technology/yolo-master-reproduce-rtx5070
VisDrone,v0.1-N,standard,61,0.29622,0.16564,0.40097,0.33556,1.53871,1.09172,0.99975,https://wandb.ai/lwb060819-guangdong-university-of-technology/yolo-master-reproduce-rtx5070
VisDrone,v0.1-N,standard,62,0.29602,0.16514,0.41231,0.32839,1.5292,1.08694,1.00041,https://wandb.ai/lwb060819-guangdong-university-of-technology/yolo-master-reproduce-rtx5070
VisDrone,v0.1-N,standard,63,0.29682,0.16503,0.41827,0.32324,1.53115,1.08407,0.99952,https://wandb.ai/lwb060819-guangdong-university-of-technology/yolo-master-reproduce-rtx5070
VisDrone,v0.1-N,standard,64,0.29832,0.16578,0.40705,0.3347,1.52535,1.07961,0.9999,https://wandb.ai/lwb060819-guangdong-university-of-technology/yolo-master-reproduce-rtx5070
VisDrone,v0.1-N,standard,65,0.30071,0.16711,0.42577,0.32646,1.52909,1.08094,0.99996,https://wandb.ai/lwb060819-guangdong-university-of-technology/yolo-master-reproduce-rtx5070
VisDrone,v0.1-N,standard,66,0.29987,0.16678,0.41693,0.32865,1.51979,1.07681,0.99946,https://wandb.ai/lwb060819-guangdong-university-of-technology/yolo-master-reproduce-rtx5070
VisDrone,v0.1-N,standard,67,0.29678,0.16583,0.41835,0.32353,1.5201,1.06656,1.0003,https://wandb.ai/lwb060819-guangdong-university-of-technology/yolo-master-reproduce-rtx5070
VisDrone,v0.1-N,standard,68,0.30141,0.16882,0.42409,0.32652,1.5184,1.06883,0.99986,https://wandb.ai/lwb060819-guangdong-university-of-technology/yolo-master-reproduce-rtx5070
VisDrone,v0.1-N,standard,69,0.30099,0.1678,0.41809,0.33142,1.50361,1.05628,1.00021,https://wandb.ai/lwb060819-guangdong-university-of-technology/yolo-master-reproduce-rtx5070
VisDrone,v0.1-N,standard,70,0.30357,0.16926,0.41208,0.33237,1.51288,1.06841,1.00007,https://wandb.ai/lwb060819-guangdong-university-of-technology/yolo-master-reproduce-rtx5070
VisDrone,v0.1-N,standard,71,0.30315,0.16838,0.42341,0.33235,1.51516,1.064,0.99979,https://wandb.ai/lwb060819-guangdong-university-of-technology/yolo-master-reproduce-rtx5070
VisDrone,v0.1-N,standard,72,0.30273,0.16804,0.42465,0.32793,1.5062,1.05982,0.99997,https://wandb.ai/lwb060819-guangdong-university-of-technology/yolo-master-reproduce-rtx5070
VisDrone,v0.1-N,standard,73,0.30352,0.16893,0.41419,0.33346,1.50991,1.05486,0.99969,https://wandb.ai/lwb060819-guangdong-university-of-technology/yolo-master-reproduce-rtx5070
VisDrone,v0.1-N,standard,74,0.30656,0.17083,0.43291,0.3299,1.50372,1.05639,0.99953,https://wandb.ai/lwb060819-guangdong-university-of-technology/yolo-master-reproduce-rtx5070
VisDrone,v0.1-N,standard,75,0.30506,0.17031,0.43394,0.32507,1.50499,1.05146,1.00058,https://wandb.ai/lwb060819-guangdong-university-of-technology/yolo-master-reproduce-rtx5070
VisDrone,v0.1-N,standard,76,0.30548,0.17043,0.42279,0.3323,1.49848,1.04514,0.99932,https://wandb.ai/lwb060819-guangdong-university-of-technology/yolo-master-reproduce-rtx5070
VisDrone,v0.1-N,standard,77,0.30634,0.17158,0.42998,0.33186,1.49108,1.0391,1.00022,https://wandb.ai/lwb060819-guangdong-university-of-technology/yolo-master-reproduce-rtx5070
VisDrone,v0.1-N,standard,78,0.3071,0.17092,0.42988,0.3311,1.48963,1.03743,1.00036,https://wandb.ai/lwb060819-guangdong-university-of-technology/yolo-master-reproduce-rtx5070
VisDrone,v0.1-N,standard,79,0.30765,0.17161,0.42704,0.33249,1.49691,1.03904,0.99953,https://wandb.ai/lwb060819-guangdong-university-of-technology/yolo-master-reproduce-rtx5070
VisDrone,v0.1-N,standard,80,0.30713,0.17157,0.43026,0.32943,1.49203,1.0345,0.99995,https://wandb.ai/lwb060819-guangdong-university-of-technology/yolo-master-reproduce-rtx5070
VisDrone,v0.1-N,standard,81,0.30881,0.17249,0.4291,0.33265,1.49397,1.03462,1,https://wandb.ai/lwb060819-guangdong-university-of-technology/yolo-master-reproduce-rtx5070
VisDrone,v0.1-N,standard,82,0.31004,0.17407,0.41937,0.33958,1.49053,1.03091,0.99982,https://wandb.ai/lwb060819-guangdong-university-of-technology/yolo-master-reproduce-rtx5070
VisDrone,v0.1-N,standard,83,0.30976,0.17329,0.43112,0.33426,1.48995,1.02867,1.00049,https://wandb.ai/lwb060819-guangdong-university-of-technology/yolo-master-reproduce-rtx5070
VisDrone,v0.1-N,standard,84,0.31095,0.17404,0.43166,0.33638,1.4871,1.02732,0.99993,https://wandb.ai/lwb060819-guangdong-university-of-technology/yolo-master-reproduce-rtx5070
VisDrone,v0.1-N,standard,85,0.30917,0.17358,0.42967,0.33146,1.48091,1.02224,0.99972,https://wandb.ai/lwb060819-guangdong-university-of-technology/yolo-master-reproduce-rtx5070
VisDrone,v0.1-N,standard,86,0.30869,0.17294,0.42677,0.33266,1.47615,1.0188,0.99955,https://wandb.ai/lwb060819-guangdong-university-of-technology/yolo-master-reproduce-rtx5070
VisDrone,v0.1-N,standard,87,0.30878,0.17348,0.42929,0.32894,1.47381,1.01606,1.00025,https://wandb.ai/lwb060819-guangdong-university-of-technology/yolo-master-reproduce-rtx5070
VisDrone,v0.1-N,standard,88,0.31118,0.17468,0.43052,0.33626,1.47767,1.01563,0.99975,https://wandb.ai/lwb060819-guangdong-university-of-technology/yolo-master-reproduce-rtx5070
VisDrone,v0.1-N,standard,89,0.31033,0.1743,0.42662,0.33617,1.4723,1.01482,1.00042,https://wandb.ai/lwb060819-guangdong-university-of-technology/yolo-master-reproduce-rtx5070
VisDrone,v0.1-N,standard,90,0.30997,0.1745,0.42187,0.33745,1.47464,1.01324,0.99931,https://wandb.ai/lwb060819-guangdong-university-of-technology/yolo-master-reproduce-rtx5070
VisDrone,v0.1-N,standard,91,0.30847,0.1729,0.42836,0.33504,1.4221,0.98064,1.00048,https://wandb.ai/lwb060819-guangdong-university-of-technology/yolo-master-reproduce-rtx5070
VisDrone,v0.1-N,standard,92,0.30684,0.17214,0.43018,0.32938,1.40842,0.96542,0.99975,https://wandb.ai/lwb060819-guangdong-university-of-technology/yolo-master-reproduce-rtx5070
VisDrone,v0.1-N,standard,93,0.30698,0.17207,0.42916,0.32917,1.40042,0.95579,1.00046,https://wandb.ai/lwb060819-guangdong-university-of-technology/yolo-master-reproduce-rtx5070
VisDrone,v0.1-N,standard,94,0.30638,0.17177,0.43201,0.33216,1.40164,0.9554,0.99987,https://wandb.ai/lwb060819-guangdong-university-of-technology/yolo-master-reproduce-rtx5070
VisDrone,v0.1-N,standard,95,0.30686,0.17165,0.43116,0.33134,1.39256,0.94675,0.99985,https://wandb.ai/lwb060819-guangdong-university-of-technology/yolo-master-reproduce-rtx5070
VisDrone,v0.1-N,standard,96,0.30752,0.17196,0.43127,0.33326,1.39529,0.94724,1.00021,https://wandb.ai/lwb060819-guangdong-university-of-technology/yolo-master-reproduce-rtx5070
VisDrone,v0.1-N,standard,97,0.30717,0.17203,0.43509,0.33023,1.39107,0.9422,0.99973,https://wandb.ai/lwb060819-guangdong-university-of-technology/yolo-master-reproduce-rtx5070
VisDrone,v0.1-N,standard,98,0.30694,0.17228,0.43673,0.32808,1.38962,0.94093,1.00008,https://wandb.ai/lwb060819-guangdong-university-of-technology/yolo-master-reproduce-rtx5070
VisDrone,v0.1-N,standard,99,0.30698,0.17227,0.43237,0.33004,1.3882,0.93768,1.00027,https://wandb.ai/lwb060819-guangdong-university-of-technology/yolo-master-reproduce-rtx5070
VisDrone,v0.1-N,standard,100,0.30722,0.17201,0.43234,0.33095,1.38442,0.93485,0.99953,https://wandb.ai/lwb060819-guangdong-university-of-technology/yolo-master-reproduce-rtx5070
VisDrone,EsMoE-N,dense,1,0,0,1e-05,0.0004,5.50747,5.91978,1.39553,https://wandb.ai/lwb060819-guangdong-university-of-technology/yolo-master-reproduce-rtx5070
VisDrone,EsMoE-N,dense,2,0.00671,0.00192,0.52124,0.0217,4.80493,4.89169,1.00008,https://wandb.ai/lwb060819-guangdong-university-of-technology/yolo-master-reproduce-rtx5070
VisDrone,EsMoE-N,dense,3,0.02933,0.0112,0.04328,0.09686,2.92077,2.6119,0.99591,https://wandb.ai/lwb060819-guangdong-university-of-technology/yolo-master-reproduce-rtx5070
VisDrone,EsMoE-N,dense,4,0.06288,0.02945,0.19829,0.13256,2.40806,2.13263,0.99823,https://wandb.ai/lwb060819-guangdong-university-of-technology/yolo-master-reproduce-rtx5070
VisDrone,EsMoE-N,dense,5,0.07835,0.03613,0.20601,0.13328,2.18473,1.87201,0.96675,https://wandb.ai/lwb060819-guangdong-university-of-technology/yolo-master-reproduce-rtx5070
VisDrone,EsMoE-N,dense,6,0.11241,0.05364,0.22816,0.16647,2.06212,1.72777,0.99674,https://wandb.ai/lwb060819-guangdong-university-of-technology/yolo-master-reproduce-rtx5070
VisDrone,EsMoE-N,dense,7,0.13607,0.06696,0.33819,0.18934,1.97657,1.62282,0.99888,https://wandb.ai/lwb060819-guangdong-university-of-technology/yolo-master-reproduce-rtx5070
VisDrone,EsMoE-N,dense,8,0.12626,0.06542,0.21972,0.19521,1.93254,1.56099,0.99978,https://wandb.ai/lwb060819-guangdong-university-of-technology/yolo-master-reproduce-rtx5070
VisDrone,EsMoE-N,dense,9,0.15147,0.07686,0.23989,0.22542,1.87296,1.50535,0.99981,https://wandb.ai/lwb060819-guangdong-university-of-technology/yolo-master-reproduce-rtx5070
VisDrone,EsMoE-N,dense,10,0.14432,0.0756,0.23839,0.20478,1.84819,1.46642,0.99975,https://wandb.ai/lwb060819-guangdong-university-of-technology/yolo-master-reproduce-rtx5070
VisDrone,EsMoE-N,dense,11,0.16929,0.08766,0.27068,0.22139,1.81745,1.43511,0.99985,https://wandb.ai/lwb060819-guangdong-university-of-technology/yolo-master-reproduce-rtx5070
VisDrone,EsMoE-N,dense,12,0.17934,0.09468,0.27973,0.2375,1.81362,1.4216,0.99974,https://wandb.ai/lwb060819-guangdong-university-of-technology/yolo-master-reproduce-rtx5070
VisDrone,EsMoE-N,dense,13,0.18949,0.09906,0.40273,0.23557,1.79566,1.39491,1.00026,https://wandb.ai/lwb060819-guangdong-university-of-technology/yolo-master-reproduce-rtx5070
VisDrone,EsMoE-N,dense,14,0.19723,0.10322,0.30341,0.25115,1.79917,1.39329,0.99967,https://wandb.ai/lwb060819-guangdong-university-of-technology/yolo-master-reproduce-rtx5070
VisDrone,EsMoE-N,dense,15,0.20319,0.10603,0.31626,0.25241,1.77613,1.36669,0.9999,https://wandb.ai/lwb060819-guangdong-university-of-technology/yolo-master-reproduce-rtx5070
VisDrone,EsMoE-N,dense,16,0.20891,0.11134,0.3187,0.2544,1.75258,1.34982,1.00009,https://wandb.ai/lwb060819-guangdong-university-of-technology/yolo-master-reproduce-rtx5070
VisDrone,EsMoE-N,dense,17,0.21845,0.11558,0.3769,0.24881,1.74705,1.33652,0.99988,https://wandb.ai/lwb060819-guangdong-university-of-technology/yolo-master-reproduce-rtx5070
VisDrone,EsMoE-N,dense,18,0.21208,0.11395,0.33915,0.26117,1.73468,1.32715,1.00003,https://wandb.ai/lwb060819-guangdong-university-of-technology/yolo-master-reproduce-rtx5070
VisDrone,EsMoE-N,dense,19,0.20894,0.11175,0.3326,0.25633,1.717,1.30349,0.99987,https://wandb.ai/lwb060819-guangdong-university-of-technology/yolo-master-reproduce-rtx5070
VisDrone,EsMoE-N,dense,20,0.23073,0.1246,0.35298,0.27241,1.70545,1.29237,1.0002,https://wandb.ai/lwb060819-guangdong-university-of-technology/yolo-master-reproduce-rtx5070
VisDrone,EsMoE-N,dense,21,0.23153,0.126,0.37898,0.26981,1.71054,1.28742,0.99989,https://wandb.ai/lwb060819-guangdong-university-of-technology/yolo-master-reproduce-rtx5070
VisDrone,EsMoE-N,dense,22,0.23341,0.12778,0.35337,0.27989,1.70358,1.28145,0.99975,https://wandb.ai/lwb060819-guangdong-university-of-technology/yolo-master-reproduce-rtx5070
VisDrone,EsMoE-N,dense,23,0.23222,0.1261,0.33988,0.281,1.68367,1.26122,1.0003,https://wandb.ai/lwb060819-guangdong-university-of-technology/yolo-master-reproduce-rtx5070
VisDrone,EsMoE-N,dense,24,0.24645,0.13373,0.38677,0.27537,1.66405,1.24611,0.99995,https://wandb.ai/lwb060819-guangdong-university-of-technology/yolo-master-reproduce-rtx5070
VisDrone,EsMoE-N,dense,25,0.24057,0.13035,0.35618,0.28358,1.67412,1.25045,1.00001,https://wandb.ai/lwb060819-guangdong-university-of-technology/yolo-master-reproduce-rtx5070
VisDrone,EsMoE-N,dense,26,0.24195,0.13099,0.35731,0.2874,1.65771,1.24349,0.99982,https://wandb.ai/lwb060819-guangdong-university-of-technology/yolo-master-reproduce-rtx5070
VisDrone,EsMoE-N,dense,27,0.24367,0.13045,0.35773,0.28867,1.65058,1.23348,1.00032,https://wandb.ai/lwb060819-guangdong-university-of-technology/yolo-master-reproduce-rtx5070
VisDrone,EsMoE-N,dense,28,0.24676,0.13448,0.36835,0.28748,1.64469,1.21893,0.99987,https://wandb.ai/lwb060819-guangdong-university-of-technology/yolo-master-reproduce-rtx5070
VisDrone,EsMoE-N,dense,29,0.25774,0.14126,0.3828,0.29863,1.62991,1.21109,0.99969,https://wandb.ai/lwb060819-guangdong-university-of-technology/yolo-master-reproduce-rtx5070
VisDrone,EsMoE-N,dense,30,0.26029,0.14153,0.37815,0.30155,1.63541,1.20559,1.00013,https://wandb.ai/lwb060819-guangdong-university-of-technology/yolo-master-reproduce-rtx5070
VisDrone,EsMoE-N,dense,31,0.26023,0.14284,0.38464,0.2964,1.62564,1.19925,1.00014,https://wandb.ai/lwb060819-guangdong-university-of-technology/yolo-master-reproduce-rtx5070
VisDrone,EsMoE-N,dense,32,0.26126,0.14331,0.37091,0.29782,1.62425,1.19512,0.99984,https://wandb.ai/lwb060819-guangdong-university-of-technology/yolo-master-reproduce-rtx5070
VisDrone,EsMoE-N,dense,33,0.2621,0.14346,0.38027,0.29567,1.61682,1.18646,0.99991,https://wandb.ai/lwb060819-guangdong-university-of-technology/yolo-master-reproduce-rtx5070
VisDrone,EsMoE-N,dense,34,0.25975,0.14392,0.36624,0.29659,1.60633,1.18226,1.00009,https://wandb.ai/lwb060819-guangdong-university-of-technology/yolo-master-reproduce-rtx5070
VisDrone,EsMoE-N,dense,35,0.26494,0.14615,0.37576,0.30289,1.60074,1.17246,0.99988,https://wandb.ai/lwb060819-guangdong-university-of-technology/yolo-master-reproduce-rtx5070
VisDrone,EsMoE-N,dense,36,0.26729,0.1476,0.38519,0.31032,1.60342,1.17111,1.0001,https://wandb.ai/lwb060819-guangdong-university-of-technology/yolo-master-reproduce-rtx5070
VisDrone,EsMoE-N,dense,37,0.26927,0.14802,0.40093,0.29655,1.59269,1.16784,0.99997,https://wandb.ai/lwb060819-guangdong-university-of-technology/yolo-master-reproduce-rtx5070
VisDrone,EsMoE-N,dense,38,0.27306,0.15184,0.37534,0.30858,1.60814,1.16895,1.00003,https://wandb.ai/lwb060819-guangdong-university-of-technology/yolo-master-reproduce-rtx5070
VisDrone,EsMoE-N,dense,39,0.27082,0.14928,0.38685,0.30584,1.5933,1.16226,0.99982,https://wandb.ai/lwb060819-guangdong-university-of-technology/yolo-master-reproduce-rtx5070
VisDrone,EsMoE-N,dense,40,0.27248,0.15071,0.4018,0.30404,1.58479,1.15229,1.00012,https://wandb.ai/lwb060819-guangdong-university-of-technology/yolo-master-reproduce-rtx5070
VisDrone,EsMoE-N,dense,41,0.2772,0.15275,0.4015,0.3114,1.58035,1.14726,1.00051,https://wandb.ai/lwb060819-guangdong-university-of-technology/yolo-master-reproduce-rtx5070
VisDrone,EsMoE-N,dense,42,0.28115,0.15641,0.40899,0.30795,1.58226,1.14956,0.99979,https://wandb.ai/lwb060819-guangdong-university-of-technology/yolo-master-reproduce-rtx5070
VisDrone,EsMoE-N,dense,43,0.27814,0.15416,0.40234,0.30998,1.57461,1.14264,0.99979,https://wandb.ai/lwb060819-guangdong-university-of-technology/yolo-master-reproduce-rtx5070
VisDrone,EsMoE-N,dense,44,0.28168,0.15618,0.40388,0.31197,1.56745,1.13374,0.9999,https://wandb.ai/lwb060819-guangdong-university-of-technology/yolo-master-reproduce-rtx5070
VisDrone,EsMoE-N,dense,45,0.28195,0.15746,0.40367,0.31475,1.56636,1.1313,1.00002,https://wandb.ai/lwb060819-guangdong-university-of-technology/yolo-master-reproduce-rtx5070
VisDrone,EsMoE-N,dense,46,0.27881,0.156,0.38534,0.31773,1.56623,1.13109,1.00004,https://wandb.ai/lwb060819-guangdong-university-of-technology/yolo-master-reproduce-rtx5070
VisDrone,EsMoE-N,dense,47,0.28389,0.15867,0.40098,0.31458,1.56601,1.12529,0.99991,https://wandb.ai/lwb060819-guangdong-university-of-technology/yolo-master-reproduce-rtx5070
VisDrone,EsMoE-N,dense,48,0.28799,0.15982,0.41243,0.31914,1.55648,1.12033,1.00019,https://wandb.ai/lwb060819-guangdong-university-of-technology/yolo-master-reproduce-rtx5070
VisDrone,EsMoE-N,dense,49,0.28613,0.15875,0.40994,0.31551,1.5615,1.11981,0.99988,https://wandb.ai/lwb060819-guangdong-university-of-technology/yolo-master-reproduce-rtx5070
VisDrone,EsMoE-N,dense,50,0.29198,0.16277,0.4025,0.32186,1.56175,1.11731,1.00011,https://wandb.ai/lwb060819-guangdong-university-of-technology/yolo-master-reproduce-rtx5070
VisDrone,EsMoE-N,dense,51,0.28895,0.16104,0.40681,0.31963,1.54672,1.11369,0.99999,https://wandb.ai/lwb060819-guangdong-university-of-technology/yolo-master-reproduce-rtx5070
VisDrone,EsMoE-N,dense,52,0.28976,0.16235,0.40816,0.32205,1.54993,1.11021,0.99986,https://wandb.ai/lwb060819-guangdong-university-of-technology/yolo-master-reproduce-rtx5070
VisDrone,EsMoE-N,dense,53,0.29114,0.16318,0.41207,0.32024,1.54443,1.10555,1.00025,https://wandb.ai/lwb060819-guangdong-university-of-technology/yolo-master-reproduce-rtx5070
VisDrone,EsMoE-N,dense,54,0.29508,0.16646,0.41009,0.32676,1.53463,1.09906,0.99972,https://wandb.ai/lwb060819-guangdong-university-of-technology/yolo-master-reproduce-rtx5070
VisDrone,EsMoE-N,dense,55,0.29467,0.16562,0.40126,0.3254,1.53838,1.09835,1.00015,https://wandb.ai/lwb060819-guangdong-university-of-technology/yolo-master-reproduce-rtx5070
VisDrone,EsMoE-N,dense,56,0.29747,0.16678,0.41119,0.32775,1.54317,1.09788,0.99991,https://wandb.ai/lwb060819-guangdong-university-of-technology/yolo-master-reproduce-rtx5070
VisDrone,EsMoE-N,dense,57,0.29669,0.16681,0.41327,0.32543,1.53404,1.09224,1.00021,https://wandb.ai/lwb060819-guangdong-university-of-technology/yolo-master-reproduce-rtx5070
VisDrone,EsMoE-N,dense,58,0.29575,0.16662,0.40755,0.32589,1.53106,1.08807,0.99961,https://wandb.ai/lwb060819-guangdong-university-of-technology/yolo-master-reproduce-rtx5070
VisDrone,EsMoE-N,dense,59,0.29955,0.1694,0.42098,0.32363,1.52566,1.08461,1.00037,https://wandb.ai/lwb060819-guangdong-university-of-technology/yolo-master-reproduce-rtx5070
VisDrone,EsMoE-N,dense,60,0.29622,0.1678,0.40718,0.32529,1.52421,1.07745,0.99967,https://wandb.ai/lwb060819-guangdong-university-of-technology/yolo-master-reproduce-rtx5070
VisDrone,EsMoE-N,dense,61,0.29821,0.16786,0.41137,0.32889,1.52887,1.08157,1.00006,https://wandb.ai/lwb060819-guangdong-university-of-technology/yolo-master-reproduce-rtx5070
VisDrone,EsMoE-N,dense,62,0.2973,0.16719,0.40319,0.32876,1.51879,1.07612,1.00006,https://wandb.ai/lwb060819-guangdong-university-of-technology/yolo-master-reproduce-rtx5070
VisDrone,EsMoE-N,dense,63,0.3006,0.16979,0.40428,0.33179,1.52182,1.0754,0.99999,https://wandb.ai/lwb060819-guangdong-university-of-technology/yolo-master-reproduce-rtx5070
VisDrone,EsMoE-N,dense,64,0.30194,0.16962,0.40642,0.33329,1.51488,1.07122,0.99996,https://wandb.ai/lwb060819-guangdong-university-of-technology/yolo-master-reproduce-rtx5070
VisDrone,EsMoE-N,dense,65,0.30216,0.16958,0.41588,0.32806,1.51945,1.07153,0.99995,https://wandb.ai/lwb060819-guangdong-university-of-technology/yolo-master-reproduce-rtx5070
VisDrone,EsMoE-N,dense,66,0.30096,0.16894,0.4044,0.33754,1.51029,1.06776,1.0001,https://wandb.ai/lwb060819-guangdong-university-of-technology/yolo-master-reproduce-rtx5070
VisDrone,EsMoE-N,dense,67,0.30132,0.16933,0.40582,0.33362,1.5125,1.06216,0.99987,https://wandb.ai/lwb060819-guangdong-university-of-technology/yolo-master-reproduce-rtx5070
VisDrone,EsMoE-N,dense,68,0.305,0.17228,0.42336,0.3343,1.5093,1.0601,0.99994,https://wandb.ai/lwb060819-guangdong-university-of-technology/yolo-master-reproduce-rtx5070
VisDrone,EsMoE-N,dense,69,0.30441,0.1725,0.41613,0.33198,1.49643,1.04972,1.00013,https://wandb.ai/lwb060819-guangdong-university-of-technology/yolo-master-reproduce-rtx5070
VisDrone,EsMoE-N,dense,70,0.30653,0.17395,0.41803,0.33568,1.50328,1.062,0.99992,https://wandb.ai/lwb060819-guangdong-university-of-technology/yolo-master-reproduce-rtx5070
VisDrone,EsMoE-N,dense,71,0.30457,0.17187,0.41687,0.33649,1.50834,1.05771,0.99993,https://wandb.ai/lwb060819-guangdong-university-of-technology/yolo-master-reproduce-rtx5070
VisDrone,EsMoE-N,dense,72,0.30699,0.17327,0.42197,0.33525,1.49876,1.05339,1.00008,https://wandb.ai/lwb060819-guangdong-university-of-technology/yolo-master-reproduce-rtx5070
VisDrone,EsMoE-N,dense,73,0.30813,0.17405,0.41887,0.33916,1.50267,1.04971,1.00009,https://wandb.ai/lwb060819-guangdong-university-of-technology/yolo-master-reproduce-rtx5070
VisDrone,EsMoE-N,dense,74,0.30849,0.17354,0.41488,0.3395,1.49725,1.05169,0.99989,https://wandb.ai/lwb060819-guangdong-university-of-technology/yolo-master-reproduce-rtx5070
VisDrone,EsMoE-N,dense,75,0.30926,0.17493,0.41751,0.33924,1.49727,1.04593,0.99993,https://wandb.ai/lwb060819-guangdong-university-of-technology/yolo-master-reproduce-rtx5070
VisDrone,EsMoE-N,dense,76,0.30997,0.17532,0.41865,0.3391,1.49169,1.04039,1.00016,https://wandb.ai/lwb060819-guangdong-university-of-technology/yolo-master-reproduce-rtx5070
VisDrone,EsMoE-N,dense,77,0.31133,0.17579,0.42366,0.33671,1.48378,1.03385,0.99994,https://wandb.ai/lwb060819-guangdong-university-of-technology/yolo-master-reproduce-rtx5070
VisDrone,EsMoE-N,dense,78,0.30927,0.1755,0.42637,0.3377,1.48189,1.03462,0.99991,https://wandb.ai/lwb060819-guangdong-university-of-technology/yolo-master-reproduce-rtx5070
VisDrone,EsMoE-N,dense,79,0.30779,0.17443,0.41823,0.33763,1.48881,1.0344,1.00005,https://wandb.ai/lwb060819-guangdong-university-of-technology/yolo-master-reproduce-rtx5070
VisDrone,EsMoE-N,dense,80,0.30905,0.17493,0.42508,0.33719,1.4866,1.03042,1.0002,https://wandb.ai/lwb060819-guangdong-university-of-technology/yolo-master-reproduce-rtx5070
VisDrone,EsMoE-N,dense,81,0.31035,0.17553,0.43171,0.33727,1.48721,1.03162,0.99979,https://wandb.ai/lwb060819-guangdong-university-of-technology/yolo-master-reproduce-rtx5070
VisDrone,EsMoE-N,dense,82,0.30986,0.17578,0.42841,0.33929,1.48418,1.02747,1.00013,https://wandb.ai/lwb060819-guangdong-university-of-technology/yolo-master-reproduce-rtx5070
VisDrone,EsMoE-N,dense,83,0.31057,0.176,0.42307,0.34189,1.4836,1.02507,0.99992,https://wandb.ai/lwb060819-guangdong-university-of-technology/yolo-master-reproduce-rtx5070
VisDrone,EsMoE-N,dense,84,0.31067,0.17597,0.42019,0.34119,1.48128,1.0247,0.99999,https://wandb.ai/lwb060819-guangdong-university-of-technology/yolo-master-reproduce-rtx5070
VisDrone,EsMoE-N,dense,85,0.31147,0.17647,0.42058,0.34021,1.47463,1.01898,0.99994,https://wandb.ai/lwb060819-guangdong-university-of-technology/yolo-master-reproduce-rtx5070
VisDrone,EsMoE-N,dense,86,0.31091,0.17634,0.41957,0.34329,1.47148,1.01704,1.0003,https://wandb.ai/lwb060819-guangdong-university-of-technology/yolo-master-reproduce-rtx5070
VisDrone,EsMoE-N,dense,87,0.30958,0.17512,0.42095,0.3414,1.4689,1.01554,0.99973,https://wandb.ai/lwb060819-guangdong-university-of-technology/yolo-master-reproduce-rtx5070
VisDrone,EsMoE-N,dense,88,0.31089,0.1762,0.41942,0.34239,1.47269,1.01328,1.00003,https://wandb.ai/lwb060819-guangdong-university-of-technology/yolo-master-reproduce-rtx5070
VisDrone,EsMoE-N,dense,89,0.31221,0.17653,0.41914,0.34173,1.46692,1.0134,0.99985,https://wandb.ai/lwb060819-guangdong-university-of-technology/yolo-master-reproduce-rtx5070
VisDrone,EsMoE-N,dense,90,0.3131,0.17673,0.42777,0.33876,1.46985,1.01036,1.00004,https://wandb.ai/lwb060819-guangdong-university-of-technology/yolo-master-reproduce-rtx5070
VisDrone,EsMoE-N,dense,91,0.31081,0.17571,0.42508,0.33797,1.41847,0.98086,1.00016,https://wandb.ai/lwb060819-guangdong-university-of-technology/yolo-master-reproduce-rtx5070
VisDrone,EsMoE-N,dense,92,0.31157,0.17635,0.42036,0.34117,1.40678,0.96636,0.99991,https://wandb.ai/lwb060819-guangdong-university-of-technology/yolo-master-reproduce-rtx5070
VisDrone,EsMoE-N,dense,93,0.31175,0.17637,0.41908,0.34252,1.3995,0.95971,1.00007,https://wandb.ai/lwb060819-guangdong-university-of-technology/yolo-master-reproduce-rtx5070
VisDrone,EsMoE-N,dense,94,0.31262,0.17654,0.42289,0.34304,1.40108,0.95767,1.00002,https://wandb.ai/lwb060819-guangdong-university-of-technology/yolo-master-reproduce-rtx5070
VisDrone,EsMoE-N,dense,95,0.313,0.17674,0.42533,0.34179,1.39154,0.95037,1.00004,https://wandb.ai/lwb060819-guangdong-university-of-technology/yolo-master-reproduce-rtx5070
VisDrone,EsMoE-N,dense,96,0.31312,0.1766,0.42954,0.34056,1.39337,0.94954,0.99991,https://wandb.ai/lwb060819-guangdong-university-of-technology/yolo-master-reproduce-rtx5070
VisDrone,EsMoE-N,dense,97,0.31301,0.17661,0.43179,0.34098,1.39073,0.94623,0.99995,https://wandb.ai/lwb060819-guangdong-university-of-technology/yolo-master-reproduce-rtx5070
VisDrone,EsMoE-N,dense,98,0.31254,0.17639,0.42989,0.34028,1.38899,0.94502,1.00009,https://wandb.ai/lwb060819-guangdong-university-of-technology/yolo-master-reproduce-rtx5070
VisDrone,EsMoE-N,dense,99,0.31276,0.1766,0.42991,0.34034,1.3879,0.94071,0.99976,https://wandb.ai/lwb060819-guangdong-university-of-technology/yolo-master-reproduce-rtx5070
VisDrone,EsMoE-N,dense,100,0.31257,0.17657,0.42961,0.34057,1.38393,0.93826,1.00009,https://wandb.ai/lwb060819-guangdong-university-of-technology/yolo-master-reproduce-rtx5070
SKU-110K,v0.1-N,standard,1,0,0,2e-05,3e-05,6.41326,3.74628,1.27462,https://wandb.ai/lwb060819-guangdong-university-of-technology/yolo-master-reproduce-rtx5070
SKU-110K,v0.1-N,standard,2,0.54337,0.23856,0.65981,0.53303,3.62874,1.87948,0.99661,https://wandb.ai/lwb060819-guangdong-university-of-technology/yolo-master-reproduce-rtx5070
SKU-110K,v0.1-N,standard,3,0.63353,0.31465,0.72892,0.60405,1.98924,1.00752,0.99765,https://wandb.ai/lwb060819-guangdong-university-of-technology/yolo-master-reproduce-rtx5070
SKU-110K,v0.1-N,standard,4,0.67211,0.3486,0.76216,0.64526,1.79821,0.90862,0.99616,https://wandb.ai/lwb060819-guangdong-university-of-technology/yolo-master-reproduce-rtx5070
SKU-110K,v0.1-N,standard,5,0.692,0.36609,0.76836,0.6578,1.69181,0.84587,0.99492,https://wandb.ai/lwb060819-guangdong-university-of-technology/yolo-master-reproduce-rtx5070
SKU-110K,v0.1-N,standard,6,0.77437,0.42833,0.82259,0.73375,1.64013,0.80819,0.99497,https://wandb.ai/lwb060819-guangdong-university-of-technology/yolo-master-reproduce-rtx5070
SKU-110K,v0.1-N,standard,7,0.79112,0.44664,0.84347,0.74185,1.59683,0.78014,0.99469,https://wandb.ai/lwb060819-guangdong-university-of-technology/yolo-master-reproduce-rtx5070
SKU-110K,v0.1-N,standard,8,0.79853,0.45439,0.84983,0.753,1.56639,0.76247,0.99494,https://wandb.ai/lwb060819-guangdong-university-of-technology/yolo-master-reproduce-rtx5070
SKU-110K,v0.1-N,standard,9,0.79998,0.46197,0.85506,0.75677,1.54782,0.75673,0.99516,https://wandb.ai/lwb060819-guangdong-university-of-technology/yolo-master-reproduce-rtx5070
SKU-110K,v0.1-N,standard,10,0.79832,0.46104,0.85851,0.75503,1.53531,0.74953,0.99507,https://wandb.ai/lwb060819-guangdong-university-of-technology/yolo-master-reproduce-rtx5070
SKU-110K,v0.1-N,standard,11,0.81903,0.47545,0.86117,0.76878,1.52523,0.73927,0.99549,https://wandb.ai/lwb060819-guangdong-university-of-technology/yolo-master-reproduce-rtx5070
SKU-110K,v0.1-N,standard,12,0.82157,0.48097,0.86771,0.77435,1.50596,0.72755,0.99568,https://wandb.ai/lwb060819-guangdong-university-of-technology/yolo-master-reproduce-rtx5070
SKU-110K,v0.1-N,standard,13,0.82432,0.48227,0.86651,0.77529,1.49683,0.71968,0.99651,https://wandb.ai/lwb060819-guangdong-university-of-technology/yolo-master-reproduce-rtx5070
SKU-110K,v0.1-N,standard,14,0.82454,0.48318,0.86703,0.77635,1.49156,0.71367,0.99681,https://wandb.ai/lwb060819-guangdong-university-of-technology/yolo-master-reproduce-rtx5070
SKU-110K,v0.1-N,standard,15,0.83119,0.48958,0.86438,0.78059,1.47848,0.70411,0.99711,https://wandb.ai/lwb060819-guangdong-university-of-technology/yolo-master-reproduce-rtx5070
SKU-110K,v0.1-N,standard,16,0.83497,0.49106,0.86887,0.78499,1.47105,0.69758,0.99699,https://wandb.ai/lwb060819-guangdong-university-of-technology/yolo-master-reproduce-rtx5070
SKU-110K,v0.1-N,standard,17,0.83588,0.49449,0.87367,0.78843,1.47103,0.6958,0.99822,https://wandb.ai/lwb060819-guangdong-university-of-technology/yolo-master-reproduce-rtx5070
SKU-110K,v0.1-N,standard,18,0.838,0.49795,0.87682,0.78879,1.45714,0.68577,0.99794,https://wandb.ai/lwb060819-guangdong-university-of-technology/yolo-master-reproduce-rtx5070
SKU-110K,v0.1-N,standard,19,0.84006,0.49979,0.87744,0.78981,1.45256,0.68041,0.99816,https://wandb.ai/lwb060819-guangdong-university-of-technology/yolo-master-reproduce-rtx5070
SKU-110K,v0.1-N,standard,20,0.84369,0.50278,0.87841,0.79529,1.44795,0.67695,0.9985,https://wandb.ai/lwb060819-guangdong-university-of-technology/yolo-master-reproduce-rtx5070
SKU-110K,v0.1-N,standard,21,0.84503,0.50328,0.87998,0.79543,1.44033,0.67296,0.99897,https://wandb.ai/lwb060819-guangdong-university-of-technology/yolo-master-reproduce-rtx5070
SKU-110K,v0.1-N,standard,22,0.84873,0.50756,0.88061,0.79718,1.43924,0.66908,0.99868,https://wandb.ai/lwb060819-guangdong-university-of-technology/yolo-master-reproduce-rtx5070
SKU-110K,v0.1-N,standard,23,0.84971,0.50881,0.886,0.79981,1.43686,0.6651,0.99905,https://wandb.ai/lwb060819-guangdong-university-of-technology/yolo-master-reproduce-rtx5070
SKU-110K,v0.1-N,standard,24,0.85133,0.50956,0.88206,0.80074,1.43457,0.66299,0.99899,https://wandb.ai/lwb060819-guangdong-university-of-technology/yolo-master-reproduce-rtx5070
SKU-110K,v0.1-N,standard,25,0.85029,0.51032,0.88218,0.80301,1.42798,0.65776,0.99964,https://wandb.ai/lwb060819-guangdong-university-of-technology/yolo-master-reproduce-rtx5070
SKU-110K,v0.1-N,standard,26,0.85186,0.51181,0.88803,0.79845,1.42553,0.65684,0.99917,https://wandb.ai/lwb060819-guangdong-university-of-technology/yolo-master-reproduce-rtx5070
SKU-110K,v0.1-N,standard,27,0.85326,0.51324,0.88683,0.80247,1.41919,0.65312,0.99945,https://wandb.ai/lwb060819-guangdong-university-of-technology/yolo-master-reproduce-rtx5070
SKU-110K,v0.1-N,standard,28,0.85392,0.51448,0.88745,0.80541,1.41973,0.65214,0.99982,https://wandb.ai/lwb060819-guangdong-university-of-technology/yolo-master-reproduce-rtx5070
SKU-110K,v0.1-N,standard,29,0.85519,0.51665,0.8883,0.80863,1.41789,0.64993,0.99913,https://wandb.ai/lwb060819-guangdong-university-of-technology/yolo-master-reproduce-rtx5070
SKU-110K,v0.1-N,standard,30,0.85803,0.5192,0.8928,0.80654,1.41406,0.6475,0.99989,https://wandb.ai/lwb060819-guangdong-university-of-technology/yolo-master-reproduce-rtx5070
SKU-110K,v0.1-N,standard,31,0.8577,0.51899,0.89268,0.80836,1.41286,0.64872,0.99977,https://wandb.ai/lwb060819-guangdong-university-of-technology/yolo-master-reproduce-rtx5070
SKU-110K,v0.1-N,standard,32,0.86292,0.51957,0.89077,0.81114,1.40996,0.6436,0.99959,https://wandb.ai/lwb060819-guangdong-university-of-technology/yolo-master-reproduce-rtx5070
SKU-110K,v0.1-N,standard,33,0.86348,0.52168,0.89397,0.80995,1.40764,0.64164,0.99999,https://wandb.ai/lwb060819-guangdong-university-of-technology/yolo-master-reproduce-rtx5070
SKU-110K,v0.1-N,standard,34,0.86308,0.52281,0.88878,0.8124,1.4069,0.64132,0.99981,https://wandb.ai/lwb060819-guangdong-university-of-technology/yolo-master-reproduce-rtx5070
SKU-110K,v0.1-N,standard,35,0.86483,0.52389,0.89325,0.81324,1.40219,0.63847,0.99947,https://wandb.ai/lwb060819-guangdong-university-of-technology/yolo-master-reproduce-rtx5070
SKU-110K,v0.1-N,standard,36,0.86516,0.52457,0.89078,0.81387,1.39701,0.63524,1.00014,https://wandb.ai/lwb060819-guangdong-university-of-technology/yolo-master-reproduce-rtx5070
SKU-110K,v0.1-N,standard,37,0.86515,0.52411,0.89549,0.81173,1.4015,0.63561,1.00027,https://wandb.ai/lwb060819-guangdong-university-of-technology/yolo-master-reproduce-rtx5070
SKU-110K,v0.1-N,standard,38,0.86667,0.52627,0.89334,0.81328,1.3915,0.62978,0.99987,https://wandb.ai/lwb060819-guangdong-university-of-technology/yolo-master-reproduce-rtx5070
SKU-110K,v0.1-N,standard,39,0.8659,0.52611,0.896,0.81481,1.39278,0.62915,0.99985,https://wandb.ai/lwb060819-guangdong-university-of-technology/yolo-master-reproduce-rtx5070
SKU-110K,v0.1-N,standard,40,0.86551,0.52615,0.8942,0.81426,1.39226,0.62876,0.9998,https://wandb.ai/lwb060819-guangdong-university-of-technology/yolo-master-reproduce-rtx5070
SKU-110K,v0.1-N,standard,41,0.86554,0.52636,0.89114,0.81795,1.38749,0.62674,0.99987,https://wandb.ai/lwb060819-guangdong-university-of-technology/yolo-master-reproduce-rtx5070
SKU-110K,v0.1-N,standard,42,0.86775,0.52759,0.89352,0.81727,1.38816,0.62558,0.99983,https://wandb.ai/lwb060819-guangdong-university-of-technology/yolo-master-reproduce-rtx5070
SKU-110K,v0.1-N,standard,43,0.86828,0.52852,0.89326,0.81702,1.38612,0.62497,1.00043,https://wandb.ai/lwb060819-guangdong-university-of-technology/yolo-master-reproduce-rtx5070
SKU-110K,v0.1-N,standard,44,0.86783,0.52919,0.89254,0.81799,1.38491,0.62277,0.99929,https://wandb.ai/lwb060819-guangdong-university-of-technology/yolo-master-reproduce-rtx5070
SKU-110K,v0.1-N,standard,45,0.86966,0.52959,0.89537,0.82012,1.37969,0.61876,1.00009,https://wandb.ai/lwb060819-guangdong-university-of-technology/yolo-master-reproduce-rtx5070
SKU-110K,v0.1-N,standard,46,0.86947,0.53053,0.89535,0.82191,1.37595,0.61803,1.00005,https://wandb.ai/lwb060819-guangdong-university-of-technology/yolo-master-reproduce-rtx5070
SKU-110K,v0.1-N,standard,47,0.87114,0.53095,0.8987,0.81965,1.38045,0.61901,0.99998,https://wandb.ai/lwb060819-guangdong-university-of-technology/yolo-master-reproduce-rtx5070
SKU-110K,v0.1-N,standard,48,0.86979,0.53191,0.89895,0.81814,1.37937,0.61797,1.00001,https://wandb.ai/lwb060819-guangdong-university-of-technology/yolo-master-reproduce-rtx5070
SKU-110K,v0.1-N,standard,49,0.87007,0.53157,0.89706,0.82083,1.37562,0.61534,1.0001,https://wandb.ai/lwb060819-guangdong-university-of-technology/yolo-master-reproduce-rtx5070
SKU-110K,v0.1-N,standard,50,0.87251,0.5348,0.89893,0.8213,1.37807,0.61481,0.99971,https://wandb.ai/lwb060819-guangdong-university-of-technology/yolo-master-reproduce-rtx5070
SKU-110K,v0.1-N,standard,51,0.87135,0.53238,0.89719,0.82272,1.37376,0.61255,1.00008,https://wandb.ai/lwb060819-guangdong-university-of-technology/yolo-master-reproduce-rtx5070
SKU-110K,v0.1-N,standard,52,0.87151,0.5345,0.89622,0.82485,1.37079,0.61195,1.00003,https://wandb.ai/lwb060819-guangdong-university-of-technology/yolo-master-reproduce-rtx5070
SKU-110K,v0.1-N,standard,53,0.87321,0.53517,0.89798,0.8238,1.36913,0.60937,1.00004,https://wandb.ai/lwb060819-guangdong-university-of-technology/yolo-master-reproduce-rtx5070
SKU-110K,v0.1-N,standard,54,0.87164,0.53433,0.8982,0.82383,1.37017,0.60851,0.99992,https://wandb.ai/lwb060819-guangdong-university-of-technology/yolo-master-reproduce-rtx5070
SKU-110K,v0.1-N,standard,55,0.87211,0.53533,0.89903,0.82557,1.36255,0.60536,1.00012,https://wandb.ai/lwb060819-guangdong-university-of-technology/yolo-master-reproduce-rtx5070
SKU-110K,v0.1-N,standard,56,0.87246,0.53564,0.90167,0.82405,1.36251,0.6052,0.99937,https://wandb.ai/lwb060819-guangdong-university-of-technology/yolo-master-reproduce-rtx5070
SKU-110K,v0.1-N,standard,57,0.8725,0.53612,0.90067,0.82471,1.36214,0.60462,1.00072,https://wandb.ai/lwb060819-guangdong-university-of-technology/yolo-master-reproduce-rtx5070
SKU-110K,v0.1-N,standard,58,0.87254,0.53614,0.90157,0.82362,1.36471,0.60431,0.99928,https://wandb.ai/lwb060819-guangdong-university-of-technology/yolo-master-reproduce-rtx5070
SKU-110K,v0.1-N,standard,59,0.87298,0.53653,0.90033,0.82688,1.36268,0.60383,1.00058,https://wandb.ai/lwb060819-guangdong-university-of-technology/yolo-master-reproduce-rtx5070
SKU-110K,v0.1-N,standard,60,0.87919,0.53763,0.90031,0.8282,1.35485,0.60107,0.99956,https://wandb.ai/lwb060819-guangdong-university-of-technology/yolo-master-reproduce-rtx5070
SKU-110K,v0.1-N,standard,61,0.8799,0.53857,0.90244,0.82788,1.35912,0.60074,1.00028,https://wandb.ai/lwb060819-guangdong-university-of-technology/yolo-master-reproduce-rtx5070
SKU-110K,v0.1-N,standard,62,0.87833,0.53744,0.90118,0.82614,1.35646,0.59795,1.0001,https://wandb.ai/lwb060819-guangdong-university-of-technology/yolo-master-reproduce-rtx5070
SKU-110K,v0.1-N,standard,63,0.87379,0.53762,0.89979,0.82669,1.361,0.60229,0.99973,https://wandb.ai/lwb060819-guangdong-university-of-technology/yolo-master-reproduce-rtx5070
SKU-110K,v0.1-N,standard,64,0.87815,0.53792,0.90048,0.82784,1.35971,0.59923,1.00021,https://wandb.ai/lwb060819-guangdong-university-of-technology/yolo-master-reproduce-rtx5070
SKU-110K,v0.1-N,standard,65,0.87972,0.53826,0.90003,0.82845,1.35257,0.59533,0.99985,https://wandb.ai/lwb060819-guangdong-university-of-technology/yolo-master-reproduce-rtx5070
SKU-110K,v0.1-N,standard,66,0.87874,0.53836,0.90013,0.8289,1.35362,0.59528,1.0003,https://wandb.ai/lwb060819-guangdong-university-of-technology/yolo-master-reproduce-rtx5070
SKU-110K,v0.1-N,standard,67,0.87944,0.53906,0.90157,0.82863,1.35357,0.59513,0.99994,https://wandb.ai/lwb060819-guangdong-university-of-technology/yolo-master-reproduce-rtx5070
SKU-110K,v0.1-N,standard,68,0.87931,0.53861,0.90128,0.83048,1.34514,0.59061,0.99951,https://wandb.ai/lwb060819-guangdong-university-of-technology/yolo-master-reproduce-rtx5070
SKU-110K,v0.1-N,standard,69,0.8801,0.54022,0.90146,0.83102,1.3519,0.59303,1.00035,https://wandb.ai/lwb060819-guangdong-university-of-technology/yolo-master-reproduce-rtx5070
SKU-110K,v0.1-N,standard,70,0.88066,0.54108,0.90371,0.83009,1.34589,0.59013,0.99993,https://wandb.ai/lwb060819-guangdong-university-of-technology/yolo-master-reproduce-rtx5070
SKU-110K,v0.1-N,standard,71,0.87962,0.54069,0.90163,0.83068,1.35028,0.59043,1.0001,https://wandb.ai/lwb060819-guangdong-university-of-technology/yolo-master-reproduce-rtx5070
SKU-110K,v0.1-N,standard,72,0.87873,0.53925,0.9024,0.82881,1.34767,0.59083,0.99995,https://wandb.ai/lwb060819-guangdong-university-of-technology/yolo-master-reproduce-rtx5070
SKU-110K,v0.1-N,standard,73,0.87928,0.53928,0.90275,0.82836,1.34648,0.58888,1.00013,https://wandb.ai/lwb060819-guangdong-university-of-technology/yolo-master-reproduce-rtx5070
SKU-110K,v0.1-N,standard,74,0.87961,0.53946,0.90308,0.82842,1.34162,0.58619,0.99952,https://wandb.ai/lwb060819-guangdong-university-of-technology/yolo-master-reproduce-rtx5070
SKU-110K,v0.1-N,standard,75,0.88027,0.54017,0.90376,0.8292,1.34074,0.58521,1.00081,https://wandb.ai/lwb060819-guangdong-university-of-technology/yolo-master-reproduce-rtx5070
SKU-110K,v0.1-N,standard,76,0.8806,0.54086,0.90512,0.82896,1.34357,0.58685,0.99958,https://wandb.ai/lwb060819-guangdong-university-of-technology/yolo-master-reproduce-rtx5070
SKU-110K,v0.1-N,standard,77,0.88065,0.54129,0.90476,0.82985,1.34149,0.5855,0.99999,https://wandb.ai/lwb060819-guangdong-university-of-technology/yolo-master-reproduce-rtx5070
SKU-110K,v0.1-N,standard,78,0.88082,0.5411,0.90345,0.83081,1.34047,0.58432,0.99984,https://wandb.ai/lwb060819-guangdong-university-of-technology/yolo-master-reproduce-rtx5070
SKU-110K,v0.1-N,standard,79,0.88036,0.54074,0.90307,0.83144,1.33542,0.5811,0.9999,https://wandb.ai/lwb060819-guangdong-university-of-technology/yolo-master-reproduce-rtx5070
SKU-110K,v0.1-N,standard,80,0.88032,0.54055,0.90271,0.83134,1.3368,0.58136,1.0002,https://wandb.ai/lwb060819-guangdong-university-of-technology/yolo-master-reproduce-rtx5070
SKU-110K,v0.1-N,standard,81,0.88083,0.54083,0.90488,0.8309,1.33226,0.57839,1.00004,https://wandb.ai/lwb060819-guangdong-university-of-technology/yolo-master-reproduce-rtx5070
SKU-110K,v0.1-N,standard,82,0.8811,0.54114,0.90385,0.83178,1.33402,0.5785,1.00009,https://wandb.ai/lwb060819-guangdong-university-of-technology/yolo-master-reproduce-rtx5070
SKU-110K,v0.1-N,standard,83,0.88101,0.54108,0.90295,0.83156,1.334,0.57808,0.99961,https://wandb.ai/lwb060819-guangdong-university-of-technology/yolo-master-reproduce-rtx5070
SKU-110K,v0.1-N,standard,84,0.88105,0.54101,0.90197,0.83277,1.33418,0.57656,1.00012,https://wandb.ai/lwb060819-guangdong-university-of-technology/yolo-master-reproduce-rtx5070
SKU-110K,v0.1-N,standard,85,0.88108,0.54122,0.90371,0.83083,1.32905,0.5756,0.9998,https://wandb.ai/lwb060819-guangdong-university-of-technology/yolo-master-reproduce-rtx5070
SKU-110K,v0.1-N,standard,86,0.88126,0.54153,0.90368,0.8318,1.32885,0.57468,1.00014,https://wandb.ai/lwb060819-guangdong-university-of-technology/yolo-master-reproduce-rtx5070
SKU-110K,v0.1-N,standard,87,0.88107,0.54137,0.90423,0.83138,1.3307,0.57466,1.00003,https://wandb.ai/lwb060819-guangdong-university-of-technology/yolo-master-reproduce-rtx5070
SKU-110K,v0.1-N,standard,88,0.8811,0.54102,0.90449,0.83161,1.32735,0.57432,0.99987,https://wandb.ai/lwb060819-guangdong-university-of-technology/yolo-master-reproduce-rtx5070
SKU-110K,v0.1-N,standard,89,0.88163,0.54122,0.90519,0.83197,1.32742,0.57352,0.99993,https://wandb.ai/lwb060819-guangdong-university-of-technology/yolo-master-reproduce-rtx5070
SKU-110K,v0.1-N,standard,90,0.88171,0.54141,0.90561,0.83158,1.32565,0.57328,1.00006,https://wandb.ai/lwb060819-guangdong-university-of-technology/yolo-master-reproduce-rtx5070
SKU-110K,v0.1-N,standard,91,0.88156,0.54184,0.90505,0.8317,1.31077,0.5631,1.00006,https://wandb.ai/lwb060819-guangdong-university-of-technology/yolo-master-reproduce-rtx5070
SKU-110K,v0.1-N,standard,92,0.88156,0.54189,0.90521,0.83167,1.30658,0.55735,0.99977,https://wandb.ai/lwb060819-guangdong-university-of-technology/yolo-master-reproduce-rtx5070
SKU-110K,v0.1-N,standard,93,0.88136,0.54194,0.90526,0.83105,1.30251,0.55434,1.00048,https://wandb.ai/lwb060819-guangdong-university-of-technology/yolo-master-reproduce-rtx5070
SKU-110K,v0.1-N,standard,94,0.88116,0.54203,0.90534,0.83109,1.30132,0.55294,1.00013,https://wandb.ai/lwb060819-guangdong-university-of-technology/yolo-master-reproduce-rtx5070
SKU-110K,v0.1-N,standard,95,0.88087,0.54204,0.9065,0.82998,1.29956,0.55144,0.99972,https://wandb.ai/lwb060819-guangdong-university-of-technology/yolo-master-reproduce-rtx5070
SKU-110K,v0.1-N,standard,96,0.88061,0.54184,0.90658,0.83015,1.29747,0.54947,1.00003,https://wandb.ai/lwb060819-guangdong-university-of-technology/yolo-master-reproduce-rtx5070
SKU-110K,v0.1-N,standard,97,0.88047,0.54173,0.90646,0.82989,1.29582,0.54968,1.00031,https://wandb.ai/lwb060819-guangdong-university-of-technology/yolo-master-reproduce-rtx5070
SKU-110K,v0.1-N,standard,98,0.88026,0.5411,0.90519,0.83065,1.29413,0.54693,0.99971,https://wandb.ai/lwb060819-guangdong-university-of-technology/yolo-master-reproduce-rtx5070
SKU-110K,v0.1-N,standard,99,0.88015,0.54051,0.90559,0.83021,1.29295,0.54642,1.00035,https://wandb.ai/lwb060819-guangdong-university-of-technology/yolo-master-reproduce-rtx5070
SKU-110K,v0.1-N,standard,100,0.88025,0.54059,0.9059,0.83025,1.29081,0.54464,0.99968,https://wandb.ai/lwb060819-guangdong-university-of-technology/yolo-master-reproduce-rtx5070
SKU-110K,EsMoE-N,dense,1,0,0,4e-05,8e-05,6.41536,3.73956,1.15729,https://wandb.ai/lwb060819-guangdong-university-of-technology/yolo-master-reproduce-rtx5070
SKU-110K,EsMoE-N,dense,2,0.44845,0.18984,0.56866,0.46236,4.09314,2.17834,0.99619,https://wandb.ai/lwb060819-guangdong-university-of-technology/yolo-master-reproduce-rtx5070
SKU-110K,EsMoE-N,dense,3,0.61361,0.30439,0.71303,0.589,2.05637,1.0633,0.99539,https://wandb.ai/lwb060819-guangdong-university-of-technology/yolo-master-reproduce-rtx5070
SKU-110K,EsMoE-N,dense,4,0.72322,0.38599,0.80154,0.68201,1.83667,0.93586,0.99912,https://wandb.ai/lwb060819-guangdong-university-of-technology/yolo-master-reproduce-rtx5070
SKU-110K,EsMoE-N,dense,5,0.75991,0.41483,0.81362,0.71743,1.70788,0.85551,0.99984,https://wandb.ai/lwb060819-guangdong-university-of-technology/yolo-master-reproduce-rtx5070
SKU-110K,EsMoE-N,dense,6,0.77454,0.43165,0.82613,0.72973,1.64402,0.81041,1.00002,https://wandb.ai/lwb060819-guangdong-university-of-technology/yolo-master-reproduce-rtx5070
SKU-110K,EsMoE-N,dense,7,0.78476,0.44715,0.84723,0.7406,1.59746,0.7814,0.99999,https://wandb.ai/lwb060819-guangdong-university-of-technology/yolo-master-reproduce-rtx5070
SKU-110K,EsMoE-N,dense,8,0.79296,0.45723,0.84856,0.74837,1.57117,0.76726,0.99998,https://wandb.ai/lwb060819-guangdong-university-of-technology/yolo-master-reproduce-rtx5070
SKU-110K,EsMoE-N,dense,9,0.80831,0.46947,0.86021,0.76133,1.5558,0.75959,0.99993,https://wandb.ai/lwb060819-guangdong-university-of-technology/yolo-master-reproduce-rtx5070
SKU-110K,EsMoE-N,dense,10,0.81745,0.47576,0.8619,0.77193,1.53549,0.74778,1.00001,https://wandb.ai/lwb060819-guangdong-university-of-technology/yolo-master-reproduce-rtx5070
SKU-110K,EsMoE-N,dense,11,0.81734,0.47756,0.86197,0.77067,1.5242,0.73925,0.99998,https://wandb.ai/lwb060819-guangdong-university-of-technology/yolo-master-reproduce-rtx5070
SKU-110K,EsMoE-N,dense,12,0.82217,0.48151,0.86637,0.77684,1.51462,0.73131,0.99998,https://wandb.ai/lwb060819-guangdong-university-of-technology/yolo-master-reproduce-rtx5070
SKU-110K,EsMoE-N,dense,13,0.8267,0.48606,0.87306,0.77873,1.50094,0.72006,1.00003,https://wandb.ai/lwb060819-guangdong-university-of-technology/yolo-master-reproduce-rtx5070
SKU-110K,EsMoE-N,dense,14,0.83345,0.49123,0.87457,0.77865,1.48935,0.71266,0.99996,https://wandb.ai/lwb060819-guangdong-university-of-technology/yolo-master-reproduce-rtx5070
SKU-110K,EsMoE-N,dense,15,0.83417,0.49059,0.86826,0.79114,1.47984,0.70492,0.99996,https://wandb.ai/lwb060819-guangdong-university-of-technology/yolo-master-reproduce-rtx5070
SKU-110K,EsMoE-N,dense,16,0.83505,0.49607,0.87356,0.79524,1.47371,0.69787,1,https://wandb.ai/lwb060819-guangdong-university-of-technology/yolo-master-reproduce-rtx5070
SKU-110K,EsMoE-N,dense,17,0.84023,0.49852,0.87688,0.7943,1.46861,0.69288,1.00005,https://wandb.ai/lwb060819-guangdong-university-of-technology/yolo-master-reproduce-rtx5070
SKU-110K,EsMoE-N,dense,18,0.84699,0.50222,0.87489,0.79462,1.45344,0.68208,0.99997,https://wandb.ai/lwb060819-guangdong-university-of-technology/yolo-master-reproduce-rtx5070
SKU-110K,EsMoE-N,dense,19,0.84861,0.50627,0.88135,0.79688,1.44996,0.67863,0.99996,https://wandb.ai/lwb060819-guangdong-university-of-technology/yolo-master-reproduce-rtx5070
SKU-110K,EsMoE-N,dense,20,0.84859,0.50802,0.88205,0.79736,1.45078,0.67654,1.00003,https://wandb.ai/lwb060819-guangdong-university-of-technology/yolo-master-reproduce-rtx5070
SKU-110K,EsMoE-N,dense,21,0.84705,0.50656,0.88343,0.79945,1.44036,0.67176,0.99996,https://wandb.ai/lwb060819-guangdong-university-of-technology/yolo-master-reproduce-rtx5070
SKU-110K,EsMoE-N,dense,22,0.85072,0.50998,0.88405,0.80097,1.43932,0.66836,1.00002,https://wandb.ai/lwb060819-guangdong-university-of-technology/yolo-master-reproduce-rtx5070
SKU-110K,EsMoE-N,dense,23,0.85075,0.51036,0.88484,0.80329,1.43755,0.66493,0.99997,https://wandb.ai/lwb060819-guangdong-university-of-technology/yolo-master-reproduce-rtx5070
SKU-110K,EsMoE-N,dense,24,0.85202,0.50993,0.88828,0.80361,1.42947,0.66074,1.00006,https://wandb.ai/lwb060819-guangdong-university-of-technology/yolo-master-reproduce-rtx5070
SKU-110K,EsMoE-N,dense,25,0.85489,0.51378,0.88995,0.80692,1.42559,0.65778,0.99992,https://wandb.ai/lwb060819-guangdong-university-of-technology/yolo-master-reproduce-rtx5070
SKU-110K,EsMoE-N,dense,26,0.85377,0.51475,0.89161,0.80639,1.42418,0.65685,1,https://wandb.ai/lwb060819-guangdong-university-of-technology/yolo-master-reproduce-rtx5070
SKU-110K,EsMoE-N,dense,27,0.85545,0.51525,0.88772,0.80669,1.41644,0.65087,1.00004,https://wandb.ai/lwb060819-guangdong-university-of-technology/yolo-master-reproduce-rtx5070
SKU-110K,EsMoE-N,dense,28,0.85698,0.51917,0.88829,0.81154,1.40998,0.64498,0.99999,https://wandb.ai/lwb060819-guangdong-university-of-technology/yolo-master-reproduce-rtx5070
SKU-110K,EsMoE-N,dense,29,0.85542,0.51768,0.8913,0.81165,1.41339,0.64736,0.99998,https://wandb.ai/lwb060819-guangdong-university-of-technology/yolo-master-reproduce-rtx5070
SKU-110K,EsMoE-N,dense,30,0.86384,0.52246,0.89214,0.81154,1.41254,0.64638,1.00002,https://wandb.ai/lwb060819-guangdong-university-of-technology/yolo-master-reproduce-rtx5070
SKU-110K,EsMoE-N,dense,31,0.86257,0.522,0.89354,0.812,1.40652,0.64302,1.00001,https://wandb.ai/lwb060819-guangdong-university-of-technology/yolo-master-reproduce-rtx5070
SKU-110K,EsMoE-N,dense,32,0.86567,0.52372,0.89337,0.81396,1.41018,0.64393,0.99995,https://wandb.ai/lwb060819-guangdong-university-of-technology/yolo-master-reproduce-rtx5070
SKU-110K,EsMoE-N,dense,33,0.86541,0.52415,0.89176,0.81785,1.40853,0.64275,1.00002,https://wandb.ai/lwb060819-guangdong-university-of-technology/yolo-master-reproduce-rtx5070
SKU-110K,EsMoE-N,dense,34,0.86501,0.5241,0.89186,0.81722,1.4008,0.63824,1,https://wandb.ai/lwb060819-guangdong-university-of-technology/yolo-master-reproduce-rtx5070
SKU-110K,EsMoE-N,dense,35,0.86972,0.52674,0.89732,0.81657,1.39504,0.63628,1,https://wandb.ai/lwb060819-guangdong-university-of-technology/yolo-master-reproduce-rtx5070
SKU-110K,EsMoE-N,dense,36,0.86658,0.52696,0.89537,0.8155,1.3988,0.63593,1.00003,https://wandb.ai/lwb060819-guangdong-university-of-technology/yolo-master-reproduce-rtx5070
SKU-110K,EsMoE-N,dense,37,0.86473,0.52586,0.89367,0.81943,1.39925,0.63653,0.99996,https://wandb.ai/lwb060819-guangdong-university-of-technology/yolo-master-reproduce-rtx5070
SKU-110K,EsMoE-N,dense,38,0.86813,0.52783,0.89581,0.81842,1.39636,0.63326,0.99998,https://wandb.ai/lwb060819-guangdong-university-of-technology/yolo-master-reproduce-rtx5070
SKU-110K,EsMoE-N,dense,39,0.86854,0.52869,0.89752,0.81997,1.39464,0.63247,1.00002,https://wandb.ai/lwb060819-guangdong-university-of-technology/yolo-master-reproduce-rtx5070
SKU-110K,EsMoE-N,dense,40,0.86934,0.53043,0.8997,0.81789,1.39149,0.63117,1.00003,https://wandb.ai/lwb060819-guangdong-university-of-technology/yolo-master-reproduce-rtx5070
SKU-110K,EsMoE-N,dense,41,0.86917,0.52934,0.89791,0.82034,1.38777,0.6293,0.99998,https://wandb.ai/lwb060819-guangdong-university-of-technology/yolo-master-reproduce-rtx5070
SKU-110K,EsMoE-N,dense,42,0.87074,0.53176,0.89719,0.82226,1.39058,0.62721,0.99997,https://wandb.ai/lwb060819-guangdong-university-of-technology/yolo-master-reproduce-rtx5070
SKU-110K,EsMoE-N,dense,43,0.86982,0.53123,0.89655,0.81796,1.38325,0.6251,1.00004,https://wandb.ai/lwb060819-guangdong-university-of-technology/yolo-master-reproduce-rtx5070
SKU-110K,EsMoE-N,dense,44,0.86968,0.53134,0.89749,0.82454,1.38394,0.62352,0.99998,https://wandb.ai/lwb060819-guangdong-university-of-technology/yolo-master-reproduce-rtx5070
SKU-110K,EsMoE-N,dense,45,0.87161,0.53301,0.89614,0.82467,1.3861,0.62381,1,https://wandb.ai/lwb060819-guangdong-university-of-technology/yolo-master-reproduce-rtx5070
SKU-110K,EsMoE-N,dense,46,0.87157,0.53298,0.89943,0.82181,1.38126,0.62424,1.00003,https://wandb.ai/lwb060819-guangdong-university-of-technology/yolo-master-reproduce-rtx5070
SKU-110K,EsMoE-N,dense,47,0.87198,0.5345,0.89745,0.82433,1.37626,0.6184,1.00001,https://wandb.ai/lwb060819-guangdong-university-of-technology/yolo-master-reproduce-rtx5070
SKU-110K,EsMoE-N,dense,48,0.87309,0.53436,0.89843,0.82515,1.37767,0.61922,0.99997,https://wandb.ai/lwb060819-guangdong-university-of-technology/yolo-master-reproduce-rtx5070
SKU-110K,EsMoE-N,dense,49,0.87279,0.53499,0.89627,0.82409,1.37919,0.61936,0.99998,https://wandb.ai/lwb060819-guangdong-university-of-technology/yolo-master-reproduce-rtx5070
SKU-110K,EsMoE-N,dense,50,0.87273,0.53539,0.89627,0.82584,1.37759,0.6179,0.99997,https://wandb.ai/lwb060819-guangdong-university-of-technology/yolo-master-reproduce-rtx5070
SKU-110K,EsMoE-N,dense,51,0.87279,0.53505,0.8997,0.82606,1.37777,0.61735,1.00003,https://wandb.ai/lwb060819-guangdong-university-of-technology/yolo-master-reproduce-rtx5070
SKU-110K,EsMoE-N,dense,52,0.87325,0.53623,0.89851,0.82585,1.37099,0.61344,1.00006,https://wandb.ai/lwb060819-guangdong-university-of-technology/yolo-master-reproduce-rtx5070
SKU-110K,EsMoE-N,dense,53,0.87793,0.53692,0.9002,0.8265,1.3703,0.61161,0.99995,https://wandb.ai/lwb060819-guangdong-university-of-technology/yolo-master-reproduce-rtx5070
SKU-110K,EsMoE-N,dense,54,0.87831,0.5363,0.90181,0.82614,1.37263,0.61261,1,https://wandb.ai/lwb060819-guangdong-university-of-technology/yolo-master-reproduce-rtx5070
SKU-110K,EsMoE-N,dense,55,0.87376,0.53759,0.90018,0.82775,1.36965,0.61126,0.99997,https://wandb.ai/lwb060819-guangdong-university-of-technology/yolo-master-reproduce-rtx5070
SKU-110K,EsMoE-N,dense,56,0.87977,0.53835,0.90243,0.82631,1.37063,0.61046,0.99999,https://wandb.ai/lwb060819-guangdong-university-of-technology/yolo-master-reproduce-rtx5070
SKU-110K,EsMoE-N,dense,57,0.88006,0.5388,0.90156,0.82868,1.36955,0.61035,1.00004,https://wandb.ai/lwb060819-guangdong-university-of-technology/yolo-master-reproduce-rtx5070
SKU-110K,EsMoE-N,dense,58,0.87953,0.53862,0.90188,0.82832,1.36258,0.60602,1,https://wandb.ai/lwb060819-guangdong-university-of-technology/yolo-master-reproduce-rtx5070
SKU-110K,EsMoE-N,dense,59,0.87899,0.53837,0.90373,0.82704,1.36824,0.60832,0.99999,https://wandb.ai/lwb060819-guangdong-university-of-technology/yolo-master-reproduce-rtx5070
SKU-110K,EsMoE-N,dense,60,0.87991,0.539,0.90221,0.82867,1.36191,0.60495,1.00001,https://wandb.ai/lwb060819-guangdong-university-of-technology/yolo-master-reproduce-rtx5070
SKU-110K,EsMoE-N,dense,61,0.87958,0.53898,0.90184,0.83056,1.36371,0.60471,0.99997,https://wandb.ai/lwb060819-guangdong-university-of-technology/yolo-master-reproduce-rtx5070
SKU-110K,EsMoE-N,dense,62,0.87945,0.53987,0.9028,0.82974,1.36197,0.60275,1.00001,https://wandb.ai/lwb060819-guangdong-university-of-technology/yolo-master-reproduce-rtx5070
SKU-110K,EsMoE-N,dense,63,0.8801,0.53982,0.90193,0.83068,1.35843,0.60227,1,https://wandb.ai/lwb060819-guangdong-university-of-technology/yolo-master-reproduce-rtx5070
SKU-110K,EsMoE-N,dense,64,0.8815,0.54133,0.90307,0.83134,1.35059,0.59626,1.00002,https://wandb.ai/lwb060819-guangdong-university-of-technology/yolo-master-reproduce-rtx5070
SKU-110K,EsMoE-N,dense,65,0.88221,0.54144,0.90376,0.83111,1.35589,0.5994,0.99997,https://wandb.ai/lwb060819-guangdong-university-of-technology/yolo-master-reproduce-rtx5070
SKU-110K,EsMoE-N,dense,66,0.88121,0.54125,0.90572,0.83101,1.35811,0.60016,1.00002,https://wandb.ai/lwb060819-guangdong-university-of-technology/yolo-master-reproduce-rtx5070
SKU-110K,EsMoE-N,dense,67,0.88136,0.54164,0.90517,0.83187,1.35649,0.59871,0.99996,https://wandb.ai/lwb060819-guangdong-university-of-technology/yolo-master-reproduce-rtx5070
SKU-110K,EsMoE-N,dense,68,0.8825,0.54245,0.90562,0.83105,1.35271,0.59499,0.99999,https://wandb.ai/lwb060819-guangdong-university-of-technology/yolo-master-reproduce-rtx5070
SKU-110K,EsMoE-N,dense,69,0.88188,0.54228,0.90405,0.83317,1.35249,0.59687,1.00006,https://wandb.ai/lwb060819-guangdong-university-of-technology/yolo-master-reproduce-rtx5070
SKU-110K,EsMoE-N,dense,70,0.88178,0.54213,0.9035,0.83357,1.35008,0.59489,0.99998,https://wandb.ai/lwb060819-guangdong-university-of-technology/yolo-master-reproduce-rtx5070
SKU-110K,EsMoE-N,dense,71,0.88222,0.54252,0.90316,0.83282,1.35423,0.59566,0.99997,https://wandb.ai/lwb060819-guangdong-university-of-technology/yolo-master-reproduce-rtx5070
SKU-110K,EsMoE-N,dense,72,0.88284,0.54334,0.90342,0.83369,1.34631,0.592,0.99998,https://wandb.ai/lwb060819-guangdong-university-of-technology/yolo-master-reproduce-rtx5070
SKU-110K,EsMoE-N,dense,73,0.88347,0.54374,0.90484,0.83398,1.34976,0.59289,1.00004,https://wandb.ai/lwb060819-guangdong-university-of-technology/yolo-master-reproduce-rtx5070
SKU-110K,EsMoE-N,dense,74,0.8834,0.54381,0.90522,0.83413,1.34638,0.59178,0.99996,https://wandb.ai/lwb060819-guangdong-university-of-technology/yolo-master-reproduce-rtx5070
SKU-110K,EsMoE-N,dense,75,0.88339,0.54429,0.90491,0.83539,1.34672,0.59117,1.00006,https://wandb.ai/lwb060819-guangdong-university-of-technology/yolo-master-reproduce-rtx5070
SKU-110K,EsMoE-N,dense,76,0.88311,0.54402,0.90462,0.83449,1.34164,0.58768,0.99998,https://wandb.ai/lwb060819-guangdong-university-of-technology/yolo-master-reproduce-rtx5070
SKU-110K,EsMoE-N,dense,77,0.88309,0.54469,0.9057,0.83434,1.34238,0.58819,1,https://wandb.ai/lwb060819-guangdong-university-of-technology/yolo-master-reproduce-rtx5070
SKU-110K,EsMoE-N,dense,78,0.8832,0.54419,0.90431,0.83492,1.34533,0.59024,1,https://wandb.ai/lwb060819-guangdong-university-of-technology/yolo-master-reproduce-rtx5070
SKU-110K,EsMoE-N,dense,79,0.88391,0.5445,0.90598,0.83414,1.34038,0.58558,1.00001,https://wandb.ai/lwb060819-guangdong-university-of-technology/yolo-master-reproduce-rtx5070
SKU-110K,EsMoE-N,dense,80,0.88433,0.5448,0.90636,0.83476,1.34287,0.5863,0.99998,https://wandb.ai/lwb060819-guangdong-university-of-technology/yolo-master-reproduce-rtx5070
SKU-110K,EsMoE-N,dense,81,0.88424,0.54473,0.90559,0.83528,1.33904,0.5833,1.00008,https://wandb.ai/lwb060819-guangdong-university-of-technology/yolo-master-reproduce-rtx5070
SKU-110K,EsMoE-N,dense,82,0.88434,0.54484,0.90544,0.83519,1.34049,0.5853,0.99992,https://wandb.ai/lwb060819-guangdong-university-of-technology/yolo-master-reproduce-rtx5070
SKU-110K,EsMoE-N,dense,83,0.88368,0.54445,0.90541,0.83436,1.34019,0.58354,0.99998,https://wandb.ai/lwb060819-guangdong-university-of-technology/yolo-master-reproduce-rtx5070
SKU-110K,EsMoE-N,dense,84,0.88399,0.54419,0.9051,0.8347,1.33713,0.58271,1.00001,https://wandb.ai/lwb060819-guangdong-university-of-technology/yolo-master-reproduce-rtx5070
SKU-110K,EsMoE-N,dense,85,0.88405,0.54527,0.90611,0.83511,1.33362,0.58037,1.00001,https://wandb.ai/lwb060819-guangdong-university-of-technology/yolo-master-reproduce-rtx5070
SKU-110K,EsMoE-N,dense,86,0.88434,0.54535,0.90601,0.8356,1.33676,0.58171,1.00001,https://wandb.ai/lwb060819-guangdong-university-of-technology/yolo-master-reproduce-rtx5070
SKU-110K,EsMoE-N,dense,87,0.88408,0.54552,0.90712,0.83487,1.3371,0.58053,1,https://wandb.ai/lwb060819-guangdong-university-of-technology/yolo-master-reproduce-rtx5070
SKU-110K,EsMoE-N,dense,88,0.88414,0.54562,0.9072,0.83517,1.33951,0.58161,0.99998,https://wandb.ai/lwb060819-guangdong-university-of-technology/yolo-master-reproduce-rtx5070
SKU-110K,EsMoE-N,dense,89,0.88408,0.5457,0.90632,0.83565,1.33451,0.57898,1.00002,https://wandb.ai/lwb060819-guangdong-university-of-technology/yolo-master-reproduce-rtx5070
SKU-110K,EsMoE-N,dense,90,0.88419,0.54572,0.90587,0.83656,1.33311,0.57813,1.00003,https://wandb.ai/lwb060819-guangdong-university-of-technology/yolo-master-reproduce-rtx5070
SKU-110K,EsMoE-N,dense,91,0.88388,0.54564,0.90707,0.83498,1.32273,0.57295,0.99997,https://wandb.ai/lwb060819-guangdong-university-of-technology/yolo-master-reproduce-rtx5070
SKU-110K,EsMoE-N,dense,92,0.88385,0.54562,0.90734,0.83452,1.31757,0.5688,1.00001,https://wandb.ai/lwb060819-guangdong-university-of-technology/yolo-master-reproduce-rtx5070
SKU-110K,EsMoE-N,dense,93,0.88377,0.54566,0.9081,0.83366,1.31661,0.56496,1.00001,https://wandb.ai/lwb060819-guangdong-university-of-technology/yolo-master-reproduce-rtx5070
SKU-110K,EsMoE-N,dense,94,0.88375,0.54536,0.90824,0.83367,1.31659,0.5646,0.99998,https://wandb.ai/lwb060819-guangdong-university-of-technology/yolo-master-reproduce-rtx5070
SKU-110K,EsMoE-N,dense,95,0.88361,0.54524,0.9082,0.83352,1.31502,0.56291,1.00001,https://wandb.ai/lwb060819-guangdong-university-of-technology/yolo-master-reproduce-rtx5070
SKU-110K,EsMoE-N,dense,96,0.88362,0.54457,0.90804,0.83419,1.31172,0.56083,1.00001,https://wandb.ai/lwb060819-guangdong-university-of-technology/yolo-master-reproduce-rtx5070
SKU-110K,EsMoE-N,dense,97,0.88344,0.5452,0.90783,0.83438,1.31181,0.55987,1,https://wandb.ai/lwb060819-guangdong-university-of-technology/yolo-master-reproduce-rtx5070
SKU-110K,EsMoE-N,dense,98,0.88324,0.54493,0.90805,0.83396,1.31024,0.55802,0.99996,https://wandb.ai/lwb060819-guangdong-university-of-technology/yolo-master-reproduce-rtx5070
SKU-110K,EsMoE-N,dense,99,0.88327,0.54492,0.90804,0.83408,1.30975,0.55738,1.00003,https://wandb.ai/lwb060819-guangdong-university-of-technology/yolo-master-reproduce-rtx5070
SKU-110K,EsMoE-N,dense,100,0.88324,0.54491,0.9081,0.83413,1.30896,0.55609,1,https://wandb.ai/lwb060819-guangdong-university-of-technology/yolo-master-reproduce-rtx5070
